-- phpMyAdmin SQL Dump
-- version 4.8.5
-- https://www.phpmyadmin.net/
--
-- Host: localhost:3306
-- Generation Time: Jan 15, 2020 at 07:58 PM
-- Server version: 10.2.29-MariaDB
-- PHP Version: 7.2.7

SET SQL_MODE = "NO_AUTO_VALUE_ON_ZERO";
SET AUTOCOMMIT = 0;
START TRANSACTION;
SET time_zone = "+00:00";


/*!40101 SET @OLD_CHARACTER_SET_CLIENT=@@CHARACTER_SET_CLIENT */;
/*!40101 SET @OLD_CHARACTER_SET_RESULTS=@@CHARACTER_SET_RESULTS */;
/*!40101 SET @OLD_COLLATION_CONNECTION=@@COLLATION_CONNECTION */;
/*!40101 SET NAMES utf8mb4 */;

--
-- Database: `u6110509_sipos`
--

-- --------------------------------------------------------

--
-- Table structure for table `base_kms`
--

CREATE TABLE `base_kms` (
  `id` int(11) NOT NULL,
  `jenis_kelamin` varchar(2) NOT NULL,
  `bulan` int(11) NOT NULL,
  `garis` int(11) NOT NULL,
  `berat` float NOT NULL
) ENGINE=InnoDB DEFAULT CHARSET=latin1;

--
-- Dumping data for table `base_kms`
--

INSERT INTO `base_kms` (`id`, `jenis_kelamin`, `bulan`, `garis`, `berat`) VALUES
(1, 'L', 1, 1, 6.6),
(2, 'L', 2, 1, 8),
(3, 'L', 3, 1, 9),
(4, 'L', 4, 1, 9.7),
(5, 'L', 5, 1, 10.4),
(6, 'L', 6, 1, 10.9),
(7, 'L', 7, 1, 11.4),
(8, 'L', 8, 1, 11.9),
(9, 'L', 9, 1, 12.3),
(10, 'L', 10, 1, 12.7),
(11, 'L', 11, 1, 13),
(12, 'L', 12, 1, 13.3),
(13, 'L', 13, 1, 13.7),
(14, 'L', 14, 1, 14),
(15, 'L', 15, 1, 14.3),
(16, 'L', 16, 1, 14.6),
(17, 'L', 17, 1, 14.9),
(18, 'L', 18, 1, 15.3),
(19, 'L', 19, 1, 15.6),
(20, 'L', 20, 1, 15.9),
(21, 'L', 21, 1, 16.2),
(22, 'L', 22, 1, 16.5),
(23, 'L', 23, 1, 16.8),
(24, 'L', 24, 1, 17.1),
(25, 'L', 25, 1, 17.5),
(26, 'L', 26, 1, 17.8),
(27, 'L', 27, 1, 18.1),
(28, 'L', 28, 1, 18.4),
(29, 'L', 29, 1, 18.7),
(30, 'L', 30, 1, 19),
(31, 'L', 31, 1, 19.3),
(32, 'L', 32, 1, 19.6),
(33, 'L', 33, 1, 19.9),
(34, 'L', 34, 1, 20.2),
(35, 'L', 35, 1, 20.4),
(36, 'L', 36, 1, 20.7),
(37, 'L', 37, 1, 21),
(38, 'L', 38, 1, 21.3),
(39, 'L', 39, 1, 21.6),
(40, 'L', 40, 1, 21.9),
(41, 'L', 41, 1, 22.1),
(42, 'L', 42, 1, 22.4),
(43, 'L', 43, 1, 22.7),
(44, 'L', 44, 1, 23),
(45, 'L', 45, 1, 23.3),
(46, 'L', 46, 1, 23.6),
(47, 'L', 47, 1, 23.9),
(48, 'L', 48, 1, 24.2),
(49, 'L', 49, 1, 24.5),
(50, 'L', 50, 1, 24.8),
(51, 'L', 51, 1, 25.1),
(52, 'L', 52, 1, 25.4),
(53, 'L', 53, 1, 25.7),
(54, 'L', 54, 1, 26),
(55, 'L', 55, 1, 26.3),
(56, 'L', 56, 1, 26.6),
(57, 'L', 57, 1, 26.9),
(58, 'L', 58, 1, 27.2),
(59, 'L', 59, 1, 27.6),
(60, 'L', 60, 1, 27.9),
(61, 'L', 0, 2, 4.4),
(62, 'L', 1, 2, 5.8),
(63, 'L', 2, 2, 7.1),
(64, 'L', 3, 2, 8),
(65, 'L', 4, 2, 8.7),
(66, 'L', 5, 2, 9.3),
(67, 'L', 6, 2, 9.8),
(68, 'L', 7, 2, 10.3),
(69, 'L', 8, 2, 10.7),
(70, 'L', 9, 2, 11),
(71, 'L', 10, 2, 11.4),
(72, 'L', 11, 2, 11.7),
(73, 'L', 12, 2, 12),
(74, 'L', 13, 2, 12.3),
(75, 'L', 14, 2, 12.6),
(76, 'L', 15, 2, 12.8),
(77, 'L', 16, 2, 13.1),
(78, 'L', 17, 2, 13.4),
(79, 'L', 18, 2, 13.7),
(80, 'L', 19, 2, 13.9),
(81, 'L', 20, 2, 14.2),
(82, 'L', 21, 2, 14.5),
(83, 'L', 22, 2, 14.7),
(84, 'L', 23, 2, 15),
(85, 'L', 24, 2, 15.3),
(86, 'L', 25, 2, 15.5),
(87, 'L', 26, 2, 15.8),
(88, 'L', 27, 2, 16.1),
(89, 'L', 28, 2, 16.3),
(90, 'L', 29, 2, 16.6),
(91, 'L', 30, 2, 16.9),
(92, 'L', 31, 2, 17.1),
(93, 'L', 32, 2, 17.4),
(94, 'L', 33, 2, 17.6),
(95, 'L', 34, 2, 17.8),
(96, 'L', 35, 2, 18.1),
(97, 'L', 36, 2, 18.3),
(98, 'L', 37, 2, 18.6),
(99, 'L', 38, 2, 18.8),
(100, 'L', 39, 2, 19),
(101, 'L', 40, 2, 19.3),
(102, 'L', 41, 2, 19.5),
(103, 'L', 42, 2, 19.7),
(104, 'L', 43, 2, 20),
(105, 'L', 44, 2, 20.2),
(106, 'L', 45, 2, 20.5),
(107, 'L', 46, 2, 20.7),
(108, 'L', 47, 2, 20.9),
(109, 'L', 48, 2, 21.2),
(110, 'L', 49, 2, 21.4),
(111, 'L', 50, 2, 21.7),
(112, 'L', 51, 2, 21.9),
(113, 'L', 52, 2, 22.2),
(114, 'L', 53, 2, 22.4),
(115, 'L', 54, 2, 22.7),
(116, 'L', 55, 2, 22.9),
(117, 'L', 56, 2, 23.2),
(118, 'L', 57, 2, 23.4),
(119, 'L', 58, 2, 23.7),
(120, 'L', 59, 2, 23.9),
(121, 'L', 60, 2, 24.2),
(122, 'L', 0, 3, 3.9),
(123, 'L', 1, 3, 5.1),
(124, 'L', 2, 3, 6.3),
(125, 'L', 3, 3, 7.2),
(126, 'L', 4, 3, 7.8),
(127, 'L', 5, 3, 8.4),
(128, 'L', 6, 3, 8.8),
(129, 'L', 7, 3, 9.2),
(130, 'L', 8, 3, 9.6),
(131, 'L', 9, 3, 9.9),
(132, 'L', 10, 3, 10.2),
(133, 'L', 11, 3, 10.5),
(134, 'L', 12, 3, 10.8),
(135, 'L', 13, 3, 11),
(136, 'L', 14, 3, 11.3),
(137, 'L', 15, 3, 11.5),
(138, 'L', 16, 3, 11.7),
(139, 'L', 17, 3, 12),
(140, 'L', 18, 3, 12.2),
(141, 'L', 19, 3, 12.5),
(142, 'L', 20, 3, 12.7),
(143, 'L', 21, 3, 12.9),
(144, 'L', 22, 3, 13.2),
(145, 'L', 23, 3, 13.4),
(146, 'L', 24, 3, 13.6),
(147, 'L', 25, 3, 13.9),
(148, 'L', 26, 3, 14.1),
(149, 'L', 27, 3, 14.3),
(150, 'L', 28, 3, 14.5),
(151, 'L', 29, 3, 14.8),
(152, 'L', 30, 3, 15),
(153, 'L', 31, 3, 15.2),
(154, 'L', 32, 3, 15.4),
(155, 'L', 33, 3, 15.6),
(156, 'L', 34, 3, 15.8),
(157, 'L', 35, 3, 16),
(158, 'L', 36, 3, 16.2),
(159, 'L', 37, 3, 16.4),
(160, 'L', 38, 3, 16.6),
(161, 'L', 39, 3, 16.8),
(162, 'L', 40, 3, 17),
(163, 'L', 41, 3, 17.2),
(164, 'L', 42, 3, 17.4),
(165, 'L', 43, 3, 17.6),
(166, 'L', 44, 3, 17.8),
(167, 'L', 45, 3, 18),
(168, 'L', 46, 3, 18.2),
(169, 'L', 47, 3, 18.4),
(170, 'L', 48, 3, 18.6),
(171, 'L', 49, 3, 18.8),
(172, 'L', 50, 3, 19),
(173, 'L', 51, 3, 19.2),
(174, 'L', 52, 3, 19.4),
(175, 'L', 53, 3, 19.6),
(176, 'L', 54, 3, 19.8),
(177, 'L', 55, 3, 20),
(178, 'L', 56, 3, 20.2),
(179, 'L', 57, 3, 20.4),
(180, 'L', 58, 3, 20.6),
(181, 'L', 59, 3, 20.8),
(182, 'L', 60, 3, 21),
(183, 'L', 0, 4, 3.3),
(184, 'L', 1, 4, 4.5),
(185, 'L', 2, 4, 5.6),
(186, 'L', 3, 4, 6.4),
(187, 'L', 4, 4, 7),
(188, 'L', 5, 4, 7.5),
(189, 'L', 6, 4, 7.9),
(190, 'L', 7, 4, 8.3),
(191, 'L', 8, 4, 8.6),
(192, 'L', 9, 4, 8.9),
(193, 'L', 10, 4, 9.2),
(194, 'L', 11, 4, 9.4),
(195, 'L', 12, 4, 9.6),
(196, 'L', 13, 4, 9.9),
(197, 'L', 14, 4, 10.1),
(198, 'L', 15, 4, 10.3),
(199, 'L', 16, 4, 10.5),
(200, 'L', 17, 4, 10.7),
(201, 'L', 18, 4, 10.9),
(202, 'L', 19, 4, 11.1),
(203, 'L', 20, 4, 11.3),
(204, 'L', 21, 4, 11.5),
(205, 'L', 22, 4, 11.8),
(206, 'L', 23, 4, 12),
(207, 'L', 24, 4, 12.2),
(208, 'L', 25, 4, 12.4),
(209, 'L', 26, 4, 12.5),
(210, 'L', 27, 4, 12.7),
(211, 'L', 28, 4, 12.9),
(212, 'L', 29, 4, 13.1),
(213, 'L', 30, 4, 13.3),
(214, 'L', 31, 4, 13.5),
(215, 'L', 32, 4, 13.7),
(216, 'L', 33, 4, 13.8),
(217, 'L', 34, 4, 14),
(218, 'L', 35, 4, 14.2),
(219, 'L', 36, 4, 14.3),
(220, 'L', 37, 4, 14.5),
(221, 'L', 38, 4, 14.7),
(222, 'L', 39, 4, 14.8),
(223, 'L', 40, 4, 15),
(224, 'L', 41, 4, 15.2),
(225, 'L', 42, 4, 15.3),
(226, 'L', 43, 4, 15.5),
(227, 'L', 44, 4, 15.7),
(228, 'L', 45, 4, 15.8),
(229, 'L', 46, 4, 16),
(230, 'L', 47, 4, 16.2),
(231, 'L', 48, 4, 16.3),
(232, 'L', 49, 4, 16.5),
(233, 'L', 50, 4, 16.7),
(234, 'L', 51, 4, 16.8),
(235, 'L', 52, 4, 17),
(236, 'L', 53, 4, 17.2),
(237, 'L', 54, 4, 17.3),
(238, 'L', 55, 4, 17.5),
(239, 'L', 56, 4, 17.7),
(240, 'L', 57, 4, 17.8),
(241, 'L', 58, 4, 18),
(242, 'L', 59, 4, 18.2),
(243, 'L', 60, 4, 18.3),
(244, 'L', 0, 5, 2.9),
(245, 'L', 1, 5, 3.9),
(246, 'L', 2, 5, 4.9),
(247, 'L', 3, 5, 5.7),
(248, 'L', 4, 5, 6.2),
(249, 'L', 5, 5, 6.7),
(250, 'L', 6, 5, 7.1),
(251, 'L', 7, 5, 7.4),
(252, 'L', 8, 5, 7.7),
(253, 'L', 9, 5, 8),
(254, 'L', 10, 5, 8.2),
(255, 'L', 11, 5, 8.4),
(256, 'L', 12, 5, 8.6),
(257, 'L', 13, 5, 8.8),
(258, 'L', 14, 5, 9),
(259, 'L', 15, 5, 9.2),
(260, 'L', 16, 5, 9.4),
(261, 'L', 17, 5, 9.6),
(262, 'L', 18, 5, 9.8),
(263, 'L', 19, 5, 10),
(264, 'L', 20, 5, 10.1),
(265, 'L', 21, 5, 10.3),
(266, 'L', 22, 5, 10.5),
(267, 'L', 23, 5, 10.7),
(268, 'L', 24, 5, 10.8),
(269, 'L', 25, 5, 11),
(270, 'L', 26, 5, 11.2),
(271, 'L', 27, 5, 11.3),
(272, 'L', 28, 5, 11.5),
(273, 'L', 29, 5, 11.7),
(274, 'L', 30, 5, 11.8),
(275, 'L', 31, 5, 12),
(276, 'L', 32, 5, 12.1),
(277, 'L', 33, 5, 12.3),
(278, 'L', 34, 5, 12.4),
(279, 'L', 35, 5, 12.6),
(280, 'L', 36, 5, 12.7),
(281, 'L', 37, 5, 12.9),
(282, 'L', 38, 5, 13),
(283, 'L', 39, 5, 13.1),
(284, 'L', 40, 5, 13.3),
(285, 'L', 41, 5, 13.4),
(286, 'L', 42, 5, 13.6),
(287, 'L', 43, 5, 13.7),
(288, 'L', 44, 5, 13.8),
(289, 'L', 45, 5, 14),
(290, 'L', 46, 5, 14.1),
(291, 'L', 47, 5, 14.3),
(292, 'L', 48, 5, 14.4),
(293, 'L', 49, 5, 14.5),
(294, 'L', 50, 5, 14.7),
(295, 'L', 51, 5, 14.8),
(296, 'L', 52, 5, 15),
(297, 'L', 53, 5, 15.1),
(298, 'L', 54, 5, 15.2),
(299, 'L', 55, 5, 15.4),
(300, 'L', 56, 5, 15.5),
(301, 'L', 57, 5, 15.6),
(302, 'L', 58, 5, 15.8),
(303, 'L', 59, 5, 15.9),
(304, 'L', 60, 5, 16),
(305, 'L', 0, 6, 2.5),
(306, 'L', 1, 6, 3.4),
(307, 'L', 2, 6, 4.3),
(308, 'L', 3, 6, 5),
(309, 'L', 4, 6, 5.6),
(310, 'L', 5, 6, 6),
(311, 'L', 6, 6, 6.4),
(312, 'L', 7, 6, 6.7),
(313, 'L', 8, 6, 6.9),
(314, 'L', 9, 6, 7.1),
(315, 'L', 10, 6, 7.4),
(316, 'L', 11, 6, 7.6),
(317, 'L', 12, 6, 7.7),
(318, 'L', 13, 6, 7.9),
(319, 'L', 14, 6, 8.1),
(320, 'L', 15, 6, 8.3),
(321, 'L', 16, 6, 8.4),
(322, 'L', 17, 6, 8.6),
(323, 'L', 18, 6, 8.8),
(324, 'L', 19, 6, 8.9),
(325, 'L', 20, 6, 9.1),
(326, 'L', 21, 6, 9.2),
(327, 'L', 22, 6, 9.4),
(328, 'L', 23, 6, 9.5),
(329, 'L', 24, 6, 9.7),
(330, 'L', 25, 6, 9.8),
(331, 'L', 26, 6, 10),
(332, 'L', 27, 6, 10.1),
(333, 'L', 28, 6, 10.2),
(334, 'L', 29, 6, 10.4),
(335, 'L', 30, 6, 10.5),
(336, 'L', 31, 6, 10.7),
(337, 'L', 32, 6, 10.8),
(338, 'L', 33, 6, 10.9),
(339, 'L', 34, 6, 11),
(340, 'L', 35, 6, 11.2),
(341, 'L', 36, 6, 11.3),
(342, 'L', 37, 6, 11.4),
(343, 'L', 38, 6, 11.5),
(344, 'L', 39, 6, 11.6),
(345, 'L', 40, 6, 11.8),
(346, 'L', 41, 6, 11.9),
(347, 'L', 42, 6, 12),
(348, 'L', 43, 6, 12.1),
(349, 'L', 44, 6, 12.2),
(350, 'L', 45, 6, 12.4),
(351, 'L', 46, 6, 12.5),
(352, 'L', 47, 6, 12.6),
(353, 'L', 48, 6, 12.7),
(354, 'L', 49, 6, 12.8),
(355, 'L', 50, 6, 12.9),
(356, 'L', 51, 6, 13.1),
(357, 'L', 52, 6, 13.2),
(358, 'L', 53, 6, 13.3),
(359, 'L', 54, 6, 13.4),
(360, 'L', 55, 6, 13.5),
(361, 'L', 56, 6, 13.6),
(362, 'L', 57, 6, 13.7),
(363, 'L', 58, 6, 13.8),
(364, 'L', 59, 6, 14),
(365, 'L', 60, 6, 14.1),
(366, 'L', 0, 7, 2.1),
(367, 'L', 1, 7, 2.9),
(368, 'L', 2, 7, 3.8),
(369, 'L', 3, 7, 4.4),
(370, 'L', 4, 7, 4.9),
(371, 'L', 5, 7, 5.3),
(372, 'L', 6, 7, 5.7),
(373, 'L', 7, 7, 5.9),
(374, 'L', 8, 7, 6.2),
(375, 'L', 9, 7, 6.4),
(376, 'L', 10, 7, 6.6),
(377, 'L', 11, 7, 6.8),
(378, 'L', 12, 7, 6.9),
(379, 'L', 13, 7, 7.1),
(380, 'L', 14, 7, 7.2),
(381, 'L', 15, 7, 7.4),
(382, 'L', 16, 7, 7.5),
(383, 'L', 17, 7, 7.7),
(384, 'L', 18, 7, 7.8),
(385, 'L', 19, 7, 8),
(386, 'L', 20, 7, 8.1),
(387, 'L', 21, 7, 8.2),
(388, 'L', 22, 7, 8.4),
(389, 'L', 23, 7, 8.5),
(390, 'L', 24, 7, 8.6),
(391, 'L', 25, 7, 8.8),
(392, 'L', 26, 7, 8.9),
(393, 'L', 27, 7, 9),
(394, 'L', 28, 7, 9.1),
(395, 'L', 29, 7, 9.2),
(396, 'L', 30, 7, 9.4),
(397, 'L', 31, 7, 9.5),
(398, 'L', 32, 7, 9.6),
(399, 'L', 33, 7, 9.7),
(400, 'L', 34, 7, 9.8),
(401, 'L', 35, 7, 9.9),
(402, 'L', 36, 7, 10),
(403, 'L', 37, 7, 10.1),
(404, 'L', 38, 7, 10.2),
(405, 'L', 39, 7, 10.3),
(406, 'L', 40, 7, 10.4),
(407, 'L', 41, 7, 10.5),
(408, 'L', 42, 7, 10.6),
(409, 'L', 43, 7, 10.7),
(410, 'L', 44, 7, 10.8),
(411, 'L', 45, 7, 10.9),
(412, 'L', 46, 7, 11),
(413, 'L', 47, 7, 11.1),
(414, 'L', 48, 7, 11.2),
(415, 'L', 49, 7, 11.3),
(416, 'L', 50, 7, 11.4),
(417, 'L', 51, 7, 11.5),
(418, 'L', 52, 7, 11.6),
(419, 'L', 53, 7, 11.7),
(420, 'L', 54, 7, 11.8),
(421, 'L', 55, 7, 11.9),
(422, 'L', 56, 7, 12),
(423, 'L', 57, 7, 12.1),
(424, 'L', 58, 7, 12.2),
(425, 'L', 59, 7, 12.3),
(426, 'L', 60, 7, 12.4),
(427, 'L', 0, 1, 5),
(428, 'P', 0, 1, 4.8),
(429, 'P', 1, 1, 6.2),
(430, 'P', 2, 1, 7.5),
(431, 'P', 3, 1, 8.5),
(432, 'P', 4, 1, 9.3),
(433, 'P', 5, 1, 10),
(434, 'P', 6, 1, 10.6),
(435, 'P', 7, 1, 11.1),
(436, 'P', 8, 1, 11.6),
(437, 'P', 9, 1, 12),
(438, 'P', 10, 1, 12.4),
(439, 'P', 11, 1, 12.8),
(440, 'P', 12, 1, 13.1),
(441, 'P', 13, 1, 13.5),
(442, 'P', 14, 1, 13.8),
(443, 'P', 15, 1, 14.1),
(444, 'P', 16, 1, 14.5),
(445, 'P', 17, 1, 14.8),
(446, 'P', 18, 1, 15.1),
(447, 'P', 19, 1, 15.4),
(448, 'P', 20, 1, 15.7),
(449, 'P', 21, 1, 16),
(450, 'P', 22, 1, 16.4),
(451, 'P', 23, 1, 16.7),
(452, 'P', 24, 1, 17),
(453, 'P', 25, 1, 17.3),
(454, 'P', 26, 1, 17.7),
(455, 'P', 27, 1, 18),
(456, 'P', 28, 1, 18.3),
(457, 'P', 29, 1, 18.7),
(458, 'P', 30, 1, 19),
(459, 'P', 31, 1, 19.3),
(460, 'P', 32, 1, 19.6),
(461, 'P', 33, 1, 20),
(462, 'P', 34, 1, 20.3),
(463, 'P', 35, 1, 20.6),
(464, 'P', 36, 1, 20.9),
(465, 'P', 37, 1, 21.3),
(466, 'P', 38, 1, 21.6),
(467, 'P', 39, 1, 22),
(468, 'P', 40, 1, 22.3),
(469, 'P', 41, 1, 22.7),
(470, 'P', 42, 1, 23),
(471, 'P', 43, 1, 23.4),
(472, 'P', 44, 1, 23.7),
(473, 'P', 45, 1, 24.1),
(474, 'P', 46, 1, 24.5),
(475, 'P', 47, 1, 24.8),
(476, 'P', 48, 1, 25.2),
(477, 'P', 49, 1, 25.5),
(478, 'P', 50, 1, 25.9),
(479, 'P', 51, 1, 26.3),
(480, 'P', 52, 1, 26.6),
(481, 'P', 53, 1, 27),
(482, 'P', 54, 1, 27.4),
(483, 'P', 55, 1, 27.7),
(484, 'P', 56, 1, 28.1),
(485, 'P', 57, 1, 28.5),
(486, 'P', 58, 1, 28.8),
(487, 'P', 59, 1, 29.2),
(488, 'P', 60, 1, 29.5),
(489, 'P', 0, 2, 4.2),
(490, 'P', 1, 2, 5.5),
(491, 'P', 2, 2, 6.6),
(492, 'P', 3, 2, 7.5),
(493, 'P', 4, 2, 8.2),
(494, 'P', 5, 2, 8.8),
(495, 'P', 6, 2, 9.3),
(496, 'P', 7, 2, 9.8),
(497, 'P', 8, 2, 10.2),
(498, 'P', 9, 2, 10.5),
(499, 'P', 10, 2, 10.9),
(500, 'P', 11, 2, 11.2),
(501, 'P', 12, 2, 11.5),
(502, 'P', 13, 2, 11.8),
(503, 'P', 14, 2, 12.1),
(504, 'P', 15, 2, 12.4),
(505, 'P', 16, 2, 12.6),
(506, 'P', 17, 2, 12.9),
(507, 'P', 18, 2, 13.2),
(508, 'P', 19, 2, 13.5),
(509, 'P', 20, 2, 13.7),
(510, 'P', 21, 2, 14),
(511, 'P', 22, 2, 14.3),
(512, 'P', 23, 2, 14.6),
(513, 'P', 24, 2, 14.8),
(514, 'P', 25, 2, 15.1),
(515, 'P', 26, 2, 15.4),
(516, 'P', 27, 2, 15.7),
(517, 'P', 28, 2, 16),
(518, 'P', 29, 2, 16.2),
(519, 'P', 30, 2, 16.5),
(520, 'P', 31, 2, 16.8),
(521, 'P', 32, 2, 17.1),
(522, 'P', 33, 2, 17.3),
(523, 'P', 34, 2, 17.6),
(524, 'P', 35, 2, 17.9),
(525, 'P', 36, 2, 18.1),
(526, 'P', 37, 2, 18.4),
(527, 'P', 38, 2, 18.7),
(528, 'P', 39, 2, 19),
(529, 'P', 40, 2, 19.2),
(530, 'P', 41, 2, 19.5),
(531, 'P', 42, 2, 19.8),
(532, 'P', 43, 2, 20.1),
(533, 'P', 44, 2, 20.4),
(534, 'P', 45, 2, 20.7),
(535, 'P', 46, 2, 20.9),
(536, 'P', 47, 2, 21.2),
(537, 'P', 48, 2, 21.5),
(538, 'P', 49, 2, 21.8),
(539, 'P', 50, 2, 22.1),
(540, 'P', 51, 2, 22.4),
(541, 'P', 52, 2, 22.6),
(542, 'P', 53, 2, 22.9),
(543, 'P', 54, 2, 23.2),
(544, 'P', 55, 2, 23.5),
(545, 'P', 56, 2, 23.8),
(546, 'P', 57, 2, 24.1),
(547, 'P', 58, 2, 24.4),
(548, 'P', 59, 2, 24.6),
(549, 'P', 60, 2, 24.9),
(550, 'P', 0, 3, 3.7),
(551, 'P', 1, 3, 4.8),
(552, 'P', 2, 3, 5.8),
(553, 'P', 3, 3, 6.6),
(554, 'P', 4, 3, 7.3),
(555, 'P', 5, 3, 7.8),
(556, 'P', 6, 3, 8.2),
(557, 'P', 7, 3, 8.6),
(558, 'P', 8, 3, 9),
(559, 'P', 9, 3, 9.3),
(560, 'P', 10, 3, 9.6),
(561, 'P', 11, 3, 9.9),
(562, 'P', 12, 3, 10.1),
(563, 'P', 13, 3, 10.4),
(564, 'P', 14, 3, 10.6),
(565, 'P', 15, 3, 10.9),
(566, 'P', 16, 3, 11.1),
(567, 'P', 17, 3, 11.4),
(568, 'P', 18, 3, 11.6),
(569, 'P', 19, 3, 11.8),
(570, 'P', 20, 3, 12.1),
(571, 'P', 21, 3, 12.3),
(572, 'P', 22, 3, 12.5),
(573, 'P', 23, 3, 12.8),
(574, 'P', 24, 3, 13),
(575, 'P', 25, 3, 13.3),
(576, 'P', 26, 3, 13.5),
(577, 'P', 27, 3, 13.7),
(578, 'P', 28, 3, 14),
(579, 'P', 29, 3, 14.2),
(580, 'P', 30, 3, 14.4),
(581, 'P', 31, 3, 14.7),
(582, 'P', 32, 3, 14.9),
(583, 'P', 33, 3, 15.1),
(584, 'P', 34, 3, 15.4),
(585, 'P', 35, 3, 15.6),
(586, 'P', 36, 3, 15.8),
(587, 'P', 37, 3, 16),
(588, 'P', 38, 3, 16.3),
(589, 'P', 39, 3, 16.5),
(590, 'P', 40, 3, 16.7),
(591, 'P', 41, 3, 16.9),
(592, 'P', 42, 3, 17.2),
(593, 'P', 43, 3, 17.4),
(594, 'P', 44, 3, 17.6),
(595, 'P', 45, 3, 17.8),
(596, 'P', 46, 3, 18.1),
(597, 'P', 47, 3, 18.3),
(598, 'P', 48, 3, 18.5),
(599, 'P', 49, 3, 18.8),
(600, 'P', 50, 3, 19),
(601, 'P', 51, 3, 19.2),
(602, 'P', 52, 3, 19.4),
(603, 'P', 53, 3, 19.7),
(604, 'P', 54, 3, 19.9),
(605, 'P', 55, 3, 20.1),
(606, 'P', 56, 3, 20.3),
(607, 'P', 57, 3, 20.6),
(608, 'P', 58, 3, 20.8),
(609, 'P', 59, 3, 21),
(610, 'P', 60, 3, 21.2),
(611, 'P', 0, 4, 3.2),
(612, 'P', 1, 4, 4.2),
(613, 'P', 2, 4, 5.1),
(614, 'P', 3, 4, 5.8),
(615, 'P', 4, 4, 6.4),
(616, 'P', 5, 4, 6.9),
(617, 'P', 6, 4, 7.3),
(618, 'P', 7, 4, 7.6),
(619, 'P', 8, 4, 7.9),
(620, 'P', 9, 4, 8.2),
(621, 'P', 10, 4, 8.5),
(622, 'P', 11, 4, 8.7),
(623, 'P', 12, 4, 8.9),
(624, 'P', 13, 4, 9.2),
(625, 'P', 14, 4, 9.4),
(626, 'P', 15, 4, 9.6),
(627, 'P', 16, 4, 9.8),
(628, 'P', 17, 4, 10),
(629, 'P', 18, 4, 10.2),
(630, 'P', 19, 4, 10.4),
(631, 'P', 20, 4, 10.6),
(632, 'P', 21, 4, 10.9),
(633, 'P', 22, 4, 11.1),
(634, 'P', 23, 4, 11.3),
(635, 'P', 24, 4, 11.5),
(636, 'P', 25, 4, 11.7),
(637, 'P', 26, 4, 11.9),
(638, 'P', 27, 4, 12.1),
(639, 'P', 28, 4, 12.3),
(640, 'P', 29, 4, 12.5),
(641, 'P', 30, 4, 12.7),
(642, 'P', 31, 4, 12.9),
(643, 'P', 32, 4, 13.1),
(644, 'P', 33, 4, 13.3),
(645, 'P', 34, 4, 13.5),
(646, 'P', 35, 4, 13.7),
(647, 'P', 36, 4, 13.9),
(648, 'P', 37, 4, 14),
(649, 'P', 38, 4, 14.2),
(650, 'P', 39, 4, 14.4),
(651, 'P', 40, 4, 14.6),
(652, 'P', 41, 4, 14.8),
(653, 'P', 42, 4, 15),
(654, 'P', 43, 4, 15.2),
(655, 'P', 44, 4, 15.3),
(656, 'P', 45, 4, 15.5),
(657, 'P', 46, 4, 15.7),
(658, 'P', 47, 4, 15.9),
(659, 'P', 48, 4, 16.1),
(660, 'P', 49, 4, 16.3),
(661, 'P', 50, 4, 16.4),
(662, 'P', 51, 4, 16.6),
(663, 'P', 52, 4, 16.8),
(664, 'P', 53, 4, 17),
(665, 'P', 54, 4, 17.2),
(666, 'P', 55, 4, 17.3),
(667, 'P', 56, 4, 17.5),
(668, 'P', 57, 4, 17.7),
(669, 'P', 58, 4, 17.9),
(670, 'P', 59, 4, 18),
(671, 'P', 60, 4, 18.2),
(672, 'P', 0, 5, 2.8),
(673, 'P', 1, 5, 3.6),
(674, 'P', 2, 5, 4.5),
(675, 'P', 3, 5, 5.2),
(676, 'P', 4, 5, 5.7),
(677, 'P', 5, 5, 6.1),
(678, 'P', 6, 5, 6.5),
(679, 'P', 7, 5, 6.8),
(680, 'P', 8, 5, 7),
(681, 'P', 9, 5, 7.3),
(682, 'P', 10, 5, 7.5),
(683, 'P', 11, 5, 7.7),
(684, 'P', 12, 5, 7.9),
(685, 'P', 13, 5, 8.1),
(686, 'P', 14, 5, 8.3),
(687, 'P', 15, 5, 8.5),
(688, 'P', 16, 5, 8.7),
(689, 'P', 17, 5, 8.9),
(690, 'P', 18, 5, 9.1),
(691, 'P', 19, 5, 9.2),
(692, 'P', 20, 5, 9.4),
(693, 'P', 21, 5, 9.6),
(694, 'P', 22, 5, 9.8),
(695, 'P', 23, 5, 10),
(696, 'P', 24, 5, 10.2),
(697, 'P', 25, 5, 10.3),
(698, 'P', 26, 5, 10.5),
(699, 'P', 27, 5, 10.7),
(700, 'P', 28, 5, 10.9),
(701, 'P', 29, 5, 11.1),
(702, 'P', 30, 5, 11.2),
(703, 'P', 31, 5, 11.4),
(704, 'P', 32, 5, 11.6),
(705, 'P', 33, 5, 11.7),
(706, 'P', 34, 5, 11.9),
(707, 'P', 35, 5, 12),
(708, 'P', 36, 5, 12.2),
(709, 'P', 37, 5, 12.4),
(710, 'P', 38, 5, 12.5),
(711, 'P', 39, 5, 12.7),
(712, 'P', 40, 5, 12.8),
(713, 'P', 41, 5, 13),
(714, 'P', 42, 5, 13.1),
(715, 'P', 43, 5, 13.3),
(716, 'P', 44, 5, 13.4),
(717, 'P', 45, 5, 13.6),
(718, 'P', 46, 5, 13.7),
(719, 'P', 47, 5, 13.9),
(720, 'P', 48, 5, 14),
(721, 'P', 49, 5, 14.2),
(722, 'P', 50, 5, 14.3),
(723, 'P', 51, 5, 14.5),
(724, 'P', 52, 5, 14.6),
(725, 'P', 53, 5, 14.8),
(726, 'P', 54, 5, 14.9),
(727, 'P', 55, 5, 15.1),
(728, 'P', 56, 5, 15.2),
(729, 'P', 57, 5, 15.3),
(730, 'P', 58, 5, 15.5),
(731, 'P', 59, 5, 15.6),
(732, 'P', 60, 5, 15.8),
(733, 'P', 0, 6, 2.4),
(734, 'P', 1, 6, 3.2),
(735, 'P', 2, 6, 3.9),
(736, 'P', 3, 6, 4.5),
(737, 'P', 4, 6, 5),
(738, 'P', 5, 6, 5.4),
(739, 'P', 6, 6, 5.7),
(740, 'P', 7, 6, 6),
(741, 'P', 8, 6, 6.3),
(742, 'P', 9, 6, 6.5),
(743, 'P', 10, 6, 6.7),
(744, 'P', 11, 6, 6.9),
(745, 'P', 12, 6, 7),
(746, 'P', 13, 6, 7.2),
(747, 'P', 14, 6, 7.4),
(748, 'P', 15, 6, 7.6),
(749, 'P', 16, 6, 7.7),
(750, 'P', 17, 6, 7.9),
(751, 'P', 18, 6, 8.1),
(752, 'P', 19, 6, 8.2),
(753, 'P', 20, 6, 8.4),
(754, 'P', 21, 6, 8.6),
(755, 'P', 22, 6, 8.7),
(756, 'P', 23, 6, 8.9),
(757, 'P', 24, 6, 9),
(758, 'P', 25, 6, 9.2),
(759, 'P', 26, 6, 9.4),
(760, 'P', 27, 6, 9.5),
(761, 'P', 28, 6, 9.7),
(762, 'P', 29, 6, 9.8),
(763, 'P', 30, 6, 10),
(764, 'P', 31, 6, 10.1),
(765, 'P', 32, 6, 10.3),
(766, 'P', 33, 6, 10.4),
(767, 'P', 34, 6, 10.5),
(768, 'P', 35, 6, 10.7),
(769, 'P', 36, 6, 10.8),
(770, 'P', 37, 6, 10.9),
(771, 'P', 38, 6, 11.1),
(772, 'P', 39, 6, 11.2),
(773, 'P', 40, 6, 11.3),
(774, 'P', 41, 6, 11.5),
(775, 'P', 42, 6, 11.6),
(776, 'P', 43, 6, 11.7),
(777, 'P', 44, 6, 11.8),
(778, 'P', 45, 6, 12),
(779, 'P', 46, 6, 12.1),
(780, 'P', 47, 6, 12.2),
(781, 'P', 48, 6, 12.3),
(782, 'P', 49, 6, 12.4),
(783, 'P', 50, 6, 12.6),
(784, 'P', 51, 6, 12.7),
(785, 'P', 52, 6, 12.8),
(786, 'P', 53, 6, 12.9),
(787, 'P', 54, 6, 13),
(788, 'P', 55, 6, 13.2),
(789, 'P', 56, 6, 13.3),
(790, 'P', 57, 6, 13.4),
(791, 'P', 58, 6, 13.5),
(792, 'P', 59, 6, 13.6),
(793, 'P', 60, 6, 13.7),
(794, 'P', 0, 7, 2),
(795, 'P', 1, 7, 2.7),
(796, 'P', 2, 7, 3.4),
(797, 'P', 3, 7, 4),
(798, 'P', 4, 7, 4.4),
(799, 'P', 5, 7, 4.8),
(800, 'P', 6, 7, 5.1),
(801, 'P', 7, 7, 5.3),
(802, 'P', 8, 7, 5.6),
(803, 'P', 9, 7, 5.8),
(804, 'P', 10, 7, 5.9),
(805, 'P', 11, 7, 6.1),
(806, 'P', 12, 7, 6.3),
(807, 'P', 13, 7, 6.4),
(808, 'P', 14, 7, 6.6),
(809, 'P', 15, 7, 6.7),
(810, 'P', 16, 7, 6.9),
(811, 'P', 17, 7, 7),
(812, 'P', 18, 7, 7.2),
(813, 'P', 19, 7, 7.3),
(814, 'P', 20, 7, 7.5),
(815, 'P', 21, 7, 7.6),
(816, 'P', 22, 7, 7.8),
(817, 'P', 23, 7, 7.9),
(818, 'P', 24, 7, 8.1),
(819, 'P', 25, 7, 8.2),
(820, 'P', 26, 7, 8.4),
(821, 'P', 27, 7, 8.5),
(822, 'P', 28, 7, 8.6),
(823, 'P', 29, 7, 8.8),
(824, 'P', 30, 7, 8.9),
(825, 'P', 31, 7, 9),
(826, 'P', 32, 7, 9.1),
(827, 'P', 33, 7, 9.3),
(828, 'P', 34, 7, 9.4),
(829, 'P', 35, 7, 9.5),
(830, 'P', 36, 7, 9.6),
(831, 'P', 37, 7, 9.7),
(832, 'P', 38, 7, 9.8),
(833, 'P', 39, 7, 9.9),
(834, 'P', 40, 7, 10.1),
(835, 'P', 41, 7, 10.2),
(836, 'P', 42, 7, 10.3),
(837, 'P', 43, 7, 10.4),
(838, 'P', 44, 7, 10.5),
(839, 'P', 45, 7, 10.6),
(840, 'P', 46, 7, 10.7),
(841, 'P', 47, 7, 10.8),
(842, 'P', 48, 7, 10.9),
(843, 'P', 49, 7, 11),
(844, 'P', 50, 7, 11.1),
(845, 'P', 51, 7, 11.2),
(846, 'P', 52, 7, 11.3),
(847, 'P', 53, 7, 11.4),
(848, 'P', 54, 7, 11.5),
(849, 'P', 55, 7, 11.6),
(850, 'P', 56, 7, 11.7),
(851, 'P', 57, 7, 11.8),
(852, 'P', 58, 7, 11.9),
(853, 'P', 59, 7, 12),
(854, 'P', 60, 7, 12.1);

-- --------------------------------------------------------

--
-- Table structure for table `detail_data_statistik`
--

CREATE TABLE `detail_data_statistik` (
  `id` int(11) NOT NULL,
  `id_data_statistik` int(11) NOT NULL,
  `nama` varchar(100) NOT NULL,
  `nim` varchar(100) NOT NULL,
  `jenis_kelamin` varchar(1) NOT NULL,
  `fakultas` varchar(50) NOT NULL
) ENGINE=InnoDB DEFAULT CHARSET=latin1;

--
-- Dumping data for table `detail_data_statistik`
--

INSERT INTO `detail_data_statistik` (`id`, `id_data_statistik`, `nama`, `nim`, `jenis_kelamin`, `fakultas`) VALUES
(1, 1, 'Johny Pambudi', '1234567890', 'L', 'Teknik'),
(2, 1, 'Maya Rahmaniah', '1234456667', 'P', 'Ekonomi'),
(3, 2, 'Diki ALfarabi Hadi', '123345678887', 'L', 'Teknik'),
(4, 2, 'Suamtono', '123456789', 'L', 'Fisip'),
(5, 2, 'Jamludin Syah', '12345663536', 'L', 'Teknik'),
(6, 3, 'Rahmaniah', '212111231133', 'P', 'Ekonomi'),
(7, 3, 'Qiano Arfabian Putra', '1123555365', 'L', 'Teknik'),
(8, 3, 'Gibran', '1122432434', 'L', 'Ekonomi'),
(9, 3, 'Johny', '12363377332', 'L', 'Pertanian'),
(10, 4, 'Muhammad Riski', '12837373839', 'L', 'Fisip'),
(11, 4, 'Rahmat Syah Alub', '122652626252', 'L', 'Fisip'),
(12, 4, 'Mahmud Amir', '123455467464', 'L', 'Pertanian'),
(13, 4, 'Aminah', '123112342', 'P', 'Teknik'),
(14, 4, 'Putri Aladin', '213114324234', 'P', 'Ekonomi'),
(15, 4, 'Lubis', '11231334234', 'P', 'Pertanian'),
(16, 3, 'Iqlima', '12312423423', 'P', 'Pertanian'),
(17, 3, 'Rahman Muhammad', '121312438', 'L', 'Pertanian'),
(18, 3, 'Muhammad Ikbal', '12387448844', 'L', 'Teknik'),
(19, 2, 'Monika', '1223244344', 'P', 'Fisip'),
(20, 2, 'Haris Aziz', '1123834748', 'L', 'Teknik');

-- --------------------------------------------------------

--
-- Table structure for table `kecamatan`
--

CREATE TABLE `kecamatan` (
  `id_kecamatan` int(4) NOT NULL,
  `id_kabupaten` int(11) NOT NULL,
  `kecamatan` varchar(35) NOT NULL,
  `id_user` int(11) NOT NULL,
  `create_at` int(11) NOT NULL,
  `update_at` int(11) NOT NULL
) ENGINE=InnoDB DEFAULT CHARSET=latin1;

--
-- Dumping data for table `kecamatan`
--

INSERT INTO `kecamatan` (`id_kecamatan`, `id_kabupaten`, `kecamatan`, `id_user`, `create_at`, `update_at`) VALUES
(1, 1, 'Bantaran', 1, 0, 0),
(2, 1, 'Banyu Anyar', 1, 0, 0),
(3, 1, 'Besuk', 1, 0, 0),
(4, 1, 'Dringu', 1, 0, 0),
(5, 1, 'Gading', 1, 0, 0),
(6, 1, 'Gending', 1, 0, 0),
(7, 1, 'Kota Anyar', 1, 0, 0),
(8, 1, 'Kraksaan', 1, 0, 0),
(9, 1, 'Krejengan', 1, 0, 0),
(10, 1, 'Krucil', 1, 0, 0),
(11, 1, 'Kuripan', 1, 0, 0),
(12, 1, 'Leces', 1, 0, 0),
(13, 1, 'Lumbang', 1, 0, 0),
(14, 1, 'Maron', 1, 0, 0),
(15, 1, 'Paiton', 1, 0, 0),
(16, 1, 'Pajarakan', 1, 0, 0),
(17, 1, 'Pakuniran', 1, 0, 0),
(18, 1, 'Sukapura', 1, 0, 0),
(19, 1, 'Sumber', 1, 0, 0),
(20, 1, 'Sumberasih', 1, 0, 0),
(21, 1, 'Tegal Siwalan', 1, 0, 0),
(22, 1, 'Tiris', 1, 0, 0),
(23, 1, 'Tongas', 1, 0, 0),
(24, 1, 'Wonomerto', 1, 0, 0);

-- --------------------------------------------------------

--
-- Table structure for table `kelurahan`
--

CREATE TABLE `kelurahan` (
  `id_kelurahan` int(4) NOT NULL,
  `id_kecamatan` int(4) NOT NULL,
  `kelurahan` varchar(35) NOT NULL,
  `id_user` int(11) NOT NULL,
  `create_at` int(11) NOT NULL,
  `update_at` int(11) NOT NULL
) ENGINE=InnoDB DEFAULT CHARSET=latin1;

--
-- Dumping data for table `kelurahan`
--

INSERT INTO `kelurahan` (`id_kelurahan`, `id_kecamatan`, `kelurahan`, `id_user`, `create_at`, `update_at`) VALUES
(1, 1, 'Bantaran', 1, 0, 0),
(2, 1, 'Besuk', 1, 0, 0),
(3, 1, 'Gunung Tugel', 1, 0, 0),
(4, 1, 'Karang Anyar', 1, 0, 0),
(5, 1, 'Kedung Rejo', 1, 0, 0),
(6, 1, 'Kramat Agung (Kramatung)', 1, 0, 0),
(7, 1, 'Kropak', 1, 0, 0),
(8, 1, 'Legundi', 1, 0, 0),
(9, 1, 'Patokan', 1, 0, 0),
(10, 1, 'Tempuran', 1, 0, 0),
(11, 2, 'Alassapi', 1, 0, 0),
(12, 2, 'Banyuanyar Kidul', 1, 0, 0),
(13, 2, 'Banyuanyar Tengah', 1, 0, 0),
(14, 2, 'Blado Wetan', 1, 0, 0),
(15, 2, 'Gading Kulon', 1, 0, 0),
(16, 2, 'Gunung Geni', 1, 0, 0),
(17, 2, 'Klenang Kidul', 1, 0, 0),
(18, 2, 'Klenang Lor', 1, 0, 0),
(19, 2, 'Liprak Kidul', 1, 0, 0),
(20, 2, 'Liprak Kulon', 1, 0, 0),
(21, 2, 'Liprak Wetan', 1, 0, 0),
(22, 2, 'Pendil', 1, 0, 0),
(23, 2, 'Sentulan', 1, 0, 0),
(24, 2, 'Tarokan', 1, 0, 0),
(25, 3, 'Alas Kandang', 1, 0, 0),
(26, 3, 'Alas Nyiur', 1, 0, 0),
(27, 3, 'Alas Sumur Lor', 1, 0, 0),
(28, 3, 'Alas Tengah', 1, 0, 0),
(29, 3, 'Bago', 1, 0, 0),
(30, 3, 'Besuk Agung', 1, 0, 0),
(31, 3, 'Besuk Kidul', 1, 0, 0),
(32, 3, 'Jambangan', 1, 0, 0),
(33, 3, 'Kecik', 1, 0, 0),
(34, 3, 'Klampokan', 1, 0, 0),
(35, 3, 'Krampilan', 1, 0, 0),
(36, 3, 'Matekan', 1, 0, 0),
(37, 3, 'Randu Jalak', 1, 0, 0),
(38, 3, 'Sindet Anyar', 1, 0, 0),
(39, 3, 'Sindet Lami', 1, 0, 0),
(40, 3, 'Sumberan', 1, 0, 0),
(41, 3, 'Sumur Dalam', 1, 0, 0),
(42, 4, 'Dringu', 1, 0, 0),
(43, 4, 'Kalirejo', 1, 0, 0),
(44, 4, 'Kalisalam', 1, 0, 0),
(45, 4, 'Kedungdalem', 1, 0, 0),
(46, 4, 'Mranggon Lawang', 1, 0, 0),
(47, 4, 'Ngepoh', 1, 0, 0),
(48, 4, 'Pabean', 1, 0, 0),
(49, 4, 'Randuputih', 1, 0, 0),
(50, 4, 'Sekarkare', 1, 0, 0),
(51, 4, 'Sumber Agung', 1, 0, 0),
(52, 4, 'Sumber Suko', 1, 0, 0),
(53, 4, 'Taman Sari', 1, 0, 0),
(54, 4, 'Tegalrejo', 1, 0, 0),
(55, 4, 'Watuwungkuk', 1, 0, 0),
(56, 5, 'Batektaman (Betektaman)', 1, 0, 0),
(57, 5, 'Batur', 1, 0, 0),
(58, 5, 'Bulupandak', 1, 0, 0),
(59, 5, 'Condong', 1, 0, 0),
(60, 5, 'Dandang', 1, 0, 0),
(61, 5, 'Duren', 1, 0, 0),
(62, 5, 'Gading Wetan', 1, 0, 0),
(63, 5, 'Jurangjero', 1, 0, 0),
(64, 5, 'Kaliacar', 1, 0, 0),
(65, 5, 'Keben', 1, 0, 0),
(66, 5, 'Kertosono', 1, 0, 0),
(67, 5, 'Mojolegi', 1, 0, 0),
(68, 5, 'Nogosaren', 1, 0, 0),
(69, 5, 'Prasi', 1, 0, 0),
(70, 5, 'Ranuwurung', 1, 0, 0),
(71, 5, 'Renteng', 1, 0, 0),
(72, 5, 'Sentul', 1, 0, 0),
(73, 5, 'Sumbersecang', 1, 0, 0),
(74, 5, 'Wangkal', 1, 0, 0),
(75, 6, 'Banyuanyar Lor', 1, 0, 0),
(76, 6, 'Brumbungan Lor', 1, 0, 0),
(77, 6, 'Bulang', 1, 0, 0),
(78, 6, 'Curahsawo', 1, 0, 0),
(79, 6, 'Gending', 1, 0, 0),
(80, 6, 'Jatiadi', 1, 0, 0),
(81, 6, 'Klaseman', 1, 0, 0),
(82, 6, 'Pajurangan', 1, 0, 0),
(83, 6, 'Pesisir', 1, 0, 0),
(84, 6, 'Pikatan', 1, 0, 0),
(85, 6, 'Randupitu', 1, 0, 0),
(86, 6, 'Sebaung', 1, 0, 0),
(87, 6, 'Sumberkerang', 1, 0, 0),
(88, 7, 'Curahtemu', 1, 0, 0),
(89, 7, 'Kedungrejoso', 1, 0, 0),
(90, 7, 'Kota Anyar', 1, 0, 0),
(91, 7, 'Pasembon', 1, 0, 0),
(92, 7, 'Sambirampak Kidul', 1, 0, 0),
(93, 7, 'Sambirampak Lor', 1, 0, 0),
(94, 7, 'Sidomulyo', 1, 0, 0),
(95, 7, 'Sidorejo', 1, 0, 0),
(96, 7, 'Sukorejo', 1, 0, 0),
(97, 7, 'Sumbercentang (Sumbercenteng)', 1, 0, 0),
(98, 7, 'Talkadang', 1, 0, 0),
(99, 7, 'Tambakukir', 1, 0, 0),
(100, 7, 'Triwungan', 1, 0, 0),
(101, 8, 'Alassumur Kulon', 1, 0, 0),
(102, 8, 'Asembagus', 1, 0, 0),
(103, 8, 'Asembakor', 1, 0, 0),
(104, 8, 'Bulu', 1, 0, 0),
(105, 8, 'Kalibuntu', 1, 0, 0),
(106, 8, 'Kandangjati Kulon', 1, 0, 0),
(107, 8, 'Kandangjati Wetan', 1, 0, 0),
(108, 8, 'Kebonagung', 1, 0, 0),
(109, 8, 'Kraksaan Wetan', 1, 0, 0),
(110, 8, 'Kregenan (Keregenan)', 1, 0, 0),
(111, 8, 'Patokan', 1, 0, 0),
(112, 8, 'Rangang (Rangkang)', 1, 0, 0),
(113, 8, 'Rondokuning', 1, 0, 0),
(114, 8, 'Semampir', 1, 0, 0),
(115, 8, 'Sidomukti', 1, 0, 0),
(116, 8, 'Sidopekso', 1, 0, 0),
(117, 8, 'Sumberlele', 1, 0, 0),
(118, 8, 'Taman Sari', 1, 0, 0),
(119, 9, 'Dawuan', 1, 0, 0),
(120, 9, 'Gebangan', 1, 0, 0),
(121, 9, 'Jatiurip', 1, 0, 0),
(122, 9, 'Kamalkuning', 1, 0, 0),
(123, 9, 'Karangren', 1, 0, 0),
(124, 9, 'Kedungcaluk', 1, 0, 0),
(125, 9, 'Krejengan', 1, 0, 0),
(126, 9, 'Opo Opo', 1, 0, 0),
(127, 9, 'Patemon', 1, 0, 0),
(128, 9, 'Rawan', 1, 0, 0),
(129, 9, 'Seboro', 1, 0, 0),
(130, 9, 'Sentong', 1, 0, 0),
(131, 9, 'Sokaan', 1, 0, 0),
(132, 9, 'Sumberkatimoho', 1, 0, 0),
(133, 9, 'Tanjungsari', 1, 0, 0),
(134, 9, 'Temenggungan', 1, 0, 0),
(135, 9, 'Widoro', 1, 0, 0),
(136, 10, 'Bermi (Bremi)', 1, 0, 0),
(137, 10, 'Betek', 1, 0, 0),
(138, 10, 'Guyangan', 1, 0, 0),
(139, 10, 'Kalianan', 1, 0, 0),
(140, 10, 'Kertosuko', 1, 0, 0),
(141, 10, 'Krobongan (Krobungan)', 1, 0, 0),
(142, 10, 'Krucil', 1, 0, 0),
(143, 10, 'Pandanlaras', 1, 0, 0),
(144, 10, 'Plaosan', 1, 0, 0),
(145, 10, 'Roto', 1, 0, 0),
(146, 10, 'Seneng', 1, 0, 0),
(147, 10, 'Sumber Duren', 1, 0, 0),
(148, 10, 'Tambelang', 1, 0, 0),
(149, 10, 'Watupanjang', 1, 0, 0),
(150, 11, 'Jatisari', 1, 0, 0),
(151, 11, 'Karangrejo', 1, 0, 0),
(152, 11, 'Kedawung', 1, 0, 0),
(153, 11, 'Menyono', 1, 0, 0),
(154, 11, 'Resongo', 1, 0, 0),
(155, 11, 'Wonoasri', 1, 0, 0),
(156, 11, 'Wringin Anom', 1, 0, 0),
(157, 12, 'Clarak', 1, 0, 0),
(158, 12, 'Jorongan', 1, 0, 0),
(159, 12, 'Keprangan (Kerpangan)', 1, 0, 0),
(160, 12, 'Leces', 1, 0, 0),
(161, 12, 'Malasan Kulon', 1, 0, 0),
(162, 12, 'Pondok Wuluh', 1, 0, 0),
(163, 12, 'Sumber Kedawung', 1, 0, 0),
(164, 12, 'Tigasan Kulon', 1, 0, 0),
(165, 12, 'Tigasan Wetan', 1, 0, 0),
(166, 12, 'Warujinggo', 1, 0, 0),
(167, 13, 'Boto', 1, 0, 0),
(168, 13, 'Branggah', 1, 0, 0),
(169, 13, 'Lambangkuning', 1, 0, 0),
(170, 13, 'Lumbang', 1, 0, 0),
(171, 13, 'Negororejo', 1, 0, 0),
(172, 13, 'Palangbesi', 1, 0, 0),
(173, 13, 'Purut', 1, 0, 0),
(174, 13, 'Sapih', 1, 0, 0),
(175, 13, 'Tandongsentul (Tandon Sentul)', 1, 0, 0),
(176, 13, 'Wonogoro', 1, 0, 0),
(177, 14, 'Brabe', 1, 0, 0),
(178, 14, 'Brani Kulon', 1, 0, 0),
(179, 14, 'Brani Wetan', 1, 0, 0),
(180, 14, 'Brumbungan Kidul', 1, 0, 0),
(181, 14, 'Ganting Kulon', 1, 0, 0),
(182, 14, 'Ganting Wetan', 1, 0, 0),
(183, 14, 'Gerongan', 1, 0, 0),
(184, 14, 'Kedungsari', 1, 0, 0),
(185, 14, 'Maron Kidul', 1, 0, 0),
(186, 14, 'Maron Kulon', 1, 0, 0),
(187, 14, 'Maron Wetan', 1, 0, 0),
(188, 14, 'Pegalangan Kidul', 1, 0, 0),
(189, 14, 'Puspan', 1, 0, 0),
(190, 14, 'Satreyan', 1, 0, 0),
(191, 14, 'Suko', 1, 0, 0),
(192, 14, 'Sumberdawe', 1, 0, 0),
(193, 14, 'Sumberpoh', 1, 0, 0),
(194, 14, 'Wonorejo', 1, 0, 0),
(195, 15, 'Alas Tengah', 1, 0, 0),
(196, 15, 'Bhinar', 1, 0, 0),
(197, 15, 'Jabung Candi', 1, 0, 0),
(198, 15, 'Jabung Sisir', 1, 0, 0),
(199, 15, 'Jabung Wetan', 1, 0, 0),
(200, 15, 'Kalikajar Kulon', 1, 0, 0),
(201, 15, 'Kalikajar Wetan', 1, 0, 0),
(202, 15, 'Karanganyar', 1, 0, 0),
(203, 15, 'Paiton', 1, 0, 0),
(204, 15, 'Pandean', 1, 0, 0),
(205, 15, 'Patunjungan', 1, 0, 0),
(206, 15, 'Plampang', 1, 0, 0),
(207, 15, 'Pondok Kelor', 1, 0, 0),
(208, 15, 'Randu Merak', 1, 0, 0),
(209, 15, 'Randu Tatah', 1, 0, 0),
(210, 15, 'Sidodadi', 1, 0, 0),
(211, 15, 'Sukodadi', 1, 0, 0),
(212, 15, 'Sumberanyar', 1, 0, 0),
(213, 15, 'Sumberejo', 1, 0, 0),
(214, 15, 'Taman', 1, 0, 0),
(215, 16, 'Gejungan', 1, 0, 0),
(216, 16, 'Karangbong', 1, 0, 0),
(217, 16, 'Karanggeger', 1, 0, 0),
(218, 16, 'Karangpranti', 1, 0, 0),
(219, 16, 'Ketompen', 1, 0, 0),
(220, 16, 'Pajarakan Kulon', 1, 0, 0),
(221, 16, 'Penambangan', 1, 0, 0),
(222, 16, 'Selogudig Kulon', 1, 0, 0),
(223, 16, 'Selogudig Wetan', 1, 0, 0),
(224, 16, 'Sukokerto', 1, 0, 0),
(225, 16, 'Sukomulyo', 1, 0, 0),
(226, 16, 'Tanjung', 1, 0, 0),
(227, 17, 'Alas Pandan', 1, 0, 0),
(228, 17, 'Bimo', 1, 0, 0),
(229, 17, 'Blimbing', 1, 0, 0),
(230, 17, 'Bucor Kulon', 1, 0, 0),
(231, 17, 'Bucor Wetan', 1, 0, 0),
(232, 17, 'Glagah', 1, 0, 0),
(233, 17, 'Gondosuli', 1, 0, 0),
(234, 17, 'Gunggungan Kidul', 1, 0, 0),
(235, 17, 'Gunggungan Lor', 1, 0, 0),
(236, 17, 'Kalidandan', 1, 0, 0),
(237, 17, 'Kedungsumur', 1, 0, 0),
(238, 17, 'Kertonegoro', 1, 0, 0),
(239, 17, 'Pakuniran', 1, 0, 0),
(240, 17, 'Patemon Kulon', 1, 0, 0),
(241, 17, 'Ranon', 1, 0, 0),
(242, 17, 'Sogaan', 1, 0, 0),
(243, 17, 'Sumber Kembar', 1, 0, 0),
(244, 18, 'Jetak', 1, 0, 0),
(245, 18, 'Kedasih', 1, 0, 0),
(246, 18, 'Ngadas', 1, 0, 0),
(247, 18, 'Ngadirejo', 1, 0, 0),
(248, 18, 'Ngadisari', 1, 0, 0),
(249, 18, 'Ngepung', 1, 0, 0),
(250, 18, 'Pakel', 1, 0, 0),
(251, 18, 'Sapikerep', 1, 0, 0),
(252, 18, 'Sariwani', 1, 0, 0),
(253, 18, 'Sukapura', 1, 0, 0),
(254, 18, 'Wonokerto', 1, 0, 0),
(255, 18, 'Wonotoro', 1, 0, 0),
(256, 19, 'Cepoko', 1, 0, 0),
(257, 19, 'Gemito', 1, 0, 0),
(258, 19, 'Ledokombo', 1, 0, 0),
(259, 19, 'Pandansari', 1, 0, 0),
(260, 19, 'Rambaan', 1, 0, 0),
(261, 19, 'Sumber', 1, 0, 0),
(262, 19, 'Sumberanom', 1, 0, 0),
(263, 19, 'Tukul', 1, 0, 0),
(264, 19, 'Wonokerso', 1, 0, 0),
(265, 20, 'Ambulu', 1, 0, 0),
(266, 20, 'Banjarsari', 1, 0, 0),
(267, 20, 'Gili Ketapang', 1, 0, 0),
(268, 20, 'Jangur', 1, 0, 0),
(269, 20, 'Laweyan', 1, 0, 0),
(270, 20, 'Lemahkembar', 1, 0, 0),
(271, 20, 'Mentor', 1, 0, 0),
(272, 20, 'Muneng', 1, 0, 0),
(273, 20, 'Muneng Kidul', 1, 0, 0),
(274, 20, 'Pesisir', 1, 0, 0),
(275, 20, 'Pohsangit Leres', 1, 0, 0),
(276, 20, 'Sumberbendo', 1, 0, 0),
(277, 20, 'Sumurmati', 1, 0, 0),
(278, 21, 'Banjarsawah', 1, 0, 0),
(279, 21, 'Blado Kulon', 1, 0, 0),
(280, 21, 'Bulujaran Kidul', 1, 0, 0),
(281, 21, 'Bulujaran Lor', 1, 0, 0),
(282, 21, 'Gunung Bekel', 1, 0, 0),
(283, 21, 'Malasan Wetan', 1, 0, 0),
(284, 21, 'Paras', 1, 0, 0),
(285, 21, 'Sumberbulu', 1, 0, 0),
(286, 21, 'Sumberkledung', 1, 0, 0),
(287, 21, 'Tegal Mojo', 1, 0, 0),
(288, 21, 'Tegal Siwalan', 1, 0, 0),
(289, 21, 'Tegal Sono', 1, 0, 0),
(290, 22, 'Andung Biru', 1, 0, 0),
(291, 22, 'Andung Sari', 1, 0, 0),
(292, 22, 'Jangkang', 1, 0, 0),
(293, 22, 'Pegadangan', 1, 0, 0),
(294, 22, 'Pesawahan', 1, 0, 0),
(295, 22, 'Racek', 1, 0, 0),
(296, 22, 'Ranuagung', 1, 0, 0),
(297, 22, 'Ranugedang', 1, 0, 0),
(298, 22, 'Renjing (Rejing)', 1, 0, 0),
(299, 22, 'Segaran', 1, 0, 0),
(300, 22, 'Tegalwatu', 1, 0, 0),
(301, 22, 'Tiris', 1, 0, 0),
(302, 22, 'Tlogoargo', 1, 0, 0),
(303, 22, 'Tlogosari', 1, 0, 0),
(304, 22, 'Tulupari', 1, 0, 0),
(305, 22, 'Wedusan', 1, 0, 0),
(306, 23, 'Bayeman', 1, 0, 0),
(307, 23, 'Curah Dringu', 1, 0, 0),
(308, 23, 'Curah Tulis', 1, 0, 0),
(309, 23, 'Dungun', 1, 0, 0),
(310, 23, 'Klampok', 1, 0, 0),
(311, 23, 'Pamatan', 1, 0, 0),
(312, 23, 'Sumberejo', 1, 0, 0),
(313, 23, 'Sumberkramat', 1, 0, 0),
(314, 23, 'Sumendi', 1, 0, 0),
(315, 23, 'Tambakrejo', 1, 0, 0),
(316, 23, 'Tanjungrejo', 1, 0, 0),
(317, 23, 'Tongas Kulon', 1, 0, 0),
(318, 23, 'Tongas Wetan', 1, 0, 0),
(319, 23, 'Wringinanom', 1, 0, 0),
(320, 24, 'Jrebeng', 1, 0, 0),
(321, 24, 'Kareng Kidul', 1, 0, 0),
(322, 24, 'Kedung Supit', 1, 0, 0),
(323, 24, 'Patalan', 1, 0, 0),
(324, 24, 'Pohsangit Lor', 1, 0, 0),
(325, 24, 'Pohsangit Ngisor', 1, 0, 0),
(326, 24, 'Pohsangit Tengah', 1, 0, 0),
(327, 24, 'Sepuh Gempol', 1, 0, 0),
(328, 24, 'Sumberkare', 1, 0, 0),
(329, 24, 'Tunggak Cerme', 1, 0, 0),
(330, 24, 'Wonorejo', 1, 0, 0);

-- --------------------------------------------------------

--
-- Table structure for table `pj_barang`
--

CREATE TABLE `pj_barang` (
  `id_barang` int(1) UNSIGNED NOT NULL,
  `kode_barang` varchar(40) NOT NULL,
  `nama_barang` varchar(60) NOT NULL,
  `total_stok` mediumint(1) UNSIGNED NOT NULL,
  `harga` decimal(10,0) NOT NULL,
  `size` int(11) NOT NULL,
  `id_kategori_barang` mediumint(1) UNSIGNED NOT NULL,
  `id_merk_barang` mediumint(1) UNSIGNED DEFAULT NULL,
  `keterangan` text NOT NULL,
  `dihapus` enum('tidak','ya') NOT NULL
) ENGINE=MyISAM DEFAULT CHARSET=latin1;

-- --------------------------------------------------------

--
-- Table structure for table `pj_ci_sessions`
--

CREATE TABLE `pj_ci_sessions` (
  `id` varchar(40) NOT NULL,
  `ip_address` varchar(45) NOT NULL,
  `timestamp` int(10) UNSIGNED NOT NULL DEFAULT 0,
  `data` blob NOT NULL
) ENGINE=InnoDB DEFAULT CHARSET=latin1;

--
-- Dumping data for table `pj_ci_sessions`
--

INSERT INTO `pj_ci_sessions` (`id`, `ip_address`, `timestamp`, `data`) VALUES
('ad2e79a0ed7cda1a74caa918c81268c262345e32', '::1', 1578333163, 0x5f5f63695f6c6173745f726567656e65726174657c693a313537383333333031373b61705f69645f757365727c733a313a2235223b61705f70617373776f72647c733a34303a2236386264373263666364313862643263336337383162626365643163353966623464643637633033223b61705f6e616d617c733a31313a226b61646572206669747269223b61705f6c6576656c7c733a353a226b61646572223b61705f6c6576656c5f63617074696f6e7c733a353a224b61646572223b),
('8cf46ae82c0927bdcaf3e0dd398d8d24f674c59e', '::1', 1578333571, 0x5f5f63695f6c6173745f726567656e65726174657c693a313537383333333333353b61705f69645f757365727c733a313a2235223b61705f70617373776f72647c733a34303a2236386264373263666364313862643263336337383162626365643163353966623464643637633033223b61705f6e616d617c733a31313a226b61646572206669747269223b61705f6c6576656c7c733a353a224b61646572223b61705f6c6576656c5f63617074696f6e7c733a353a224b61646572223b),
('30fd93a7cd53ce58ddde535fd385eb7bcdb4371b', '::1', 1578333910, 0x5f5f63695f6c6173745f726567656e65726174657c693a313537383333333638333b61705f6b6563616d6174616e7c733a313a2230223b61705f6b656c75726168616e7c733a313a2230223b61705f69645f757365727c733a313a2231223b61705f70617373776f72647c733a34303a2264303333653232616533343861656235363630666332313430616563333538353063346461393937223b61705f6e616d617c733a31333a2241646d696e6973747261746f72223b61705f6c6576656c7c733a353a2261646d696e223b61705f6c6576656c5f63617074696f6e7c733a31333a2241646d696e6973747261746f72223b),
('957e3a7ae4b19f8e96b4d7c52310afafe028bb4c', '::1', 1578334268, 0x5f5f63695f6c6173745f726567656e65726174657c693a313537383333333938373b61705f6b6563616d6174616e7c733a313a2230223b61705f6b656c75726168616e7c733a313a2230223b61705f69645f757365727c733a313a2231223b61705f70617373776f72647c733a34303a2264303333653232616533343861656235363630666332313430616563333538353063346461393937223b61705f6e616d617c733a31333a2241646d696e6973747261746f72223b61705f6c6576656c7c733a353a2261646d696e223b61705f6c6576656c5f63617074696f6e7c733a31333a2241646d696e6973747261746f72223b),
('2da39f74e0ed5a7303d04a6fc3ca16f9a7af851e', '::1', 1578334565, 0x5f5f63695f6c6173745f726567656e65726174657c693a313537383333343239373b61705f6b6563616d6174616e7c733a313a2230223b61705f6b656c75726168616e7c733a313a2230223b61705f706f7379616e64757c733a313a2230223b61705f69645f757365727c733a313a2231223b61705f70617373776f72647c733a34303a2264303333653232616533343861656235363630666332313430616563333538353063346461393937223b61705f6e616d617c733a31333a2241646d696e6973747261746f72223b61705f6c6576656c7c733a353a2261646d696e223b61705f6c6576656c5f63617074696f6e7c733a31333a2241646d696e6973747261746f72223b),
('81e0b4c25a7af4a0266b47a9dc622e4ca4ae3b0a', '::1', 1578334645, 0x5f5f63695f6c6173745f726567656e65726174657c693a313537383333343630353b61705f6b6563616d6174616e7c733a313a2232223b61705f6b656c75726168616e7c733a323a223232223b61705f706f7379616e64757c733a313a2231223b61705f69645f757365727c733a313a2235223b61705f70617373776f72647c733a34303a2236386264373263666364313862643263336337383162626365643163353966623464643637633033223b61705f6e616d617c733a31313a226b61646572206669747269223b61705f6c6576656c7c733a353a224b61646572223b61705f6c6576656c5f63617074696f6e7c733a353a224b61646572223b),
('c8b825836108519ccdbae8983d9610c909b124c9', '::1', 1578334808, 0x5f5f63695f6c6173745f726567656e65726174657c693a313537383333343830383b),
('a22349557bb94e3ad36c40c273ec00c80e54c346', '::1', 1578334808, 0x5f5f63695f6c6173745f726567656e65726174657c693a313537383333343830383b),
('e57f0596c2299911859e5a0cc1c6e5f63db6539d', '::1', 1578335174, 0x5f5f63695f6c6173745f726567656e65726174657c693a313537383333343931353b61705f6b6563616d6174616e7c733a313a2232223b61705f6b656c75726168616e7c733a323a223232223b61705f706f7379616e64757c733a313a2231223b61705f69645f757365727c733a313a2235223b61705f70617373776f72647c733a34303a2236386264373263666364313862643263336337383162626365643163353966623464643637633033223b61705f6e616d617c733a31313a226b61646572206669747269223b61705f6c6576656c7c733a353a224b61646572223b61705f6c6576656c5f63617074696f6e7c733a353a224b61646572223b),
('de4d1a2a97a02373338f07a4771a354772f783d0', '::1', 1578335564, 0x5f5f63695f6c6173745f726567656e65726174657c693a313537383333353332323b61705f6b6563616d6174616e7c733a313a2232223b61705f6b656c75726168616e7c733a323a223232223b61705f706f7379616e64757c733a313a2231223b61705f6e616d615f706f7379616e64757c733a31383a2253657469612052617475205061746f6b616e223b61705f69645f757365727c733a313a2235223b61705f70617373776f72647c733a34303a2236386264373263666364313862643263336337383162626365643163353966623464643637633033223b61705f6e616d617c733a31313a226b61646572206669747269223b61705f6c6576656c7c733a353a224b61646572223b61705f6c6576656c5f63617074696f6e7c733a353a224b61646572223b),
('098e80fde7716bee935352d99548c28fe770217d', '::1', 1578335408, 0x5f5f63695f6c6173745f726567656e65726174657c693a313537383333353430383b),
('6eb6b17a012931653ab4d1b84a1242f4c1acca43', '::1', 1578360256, 0x5f5f63695f6c6173745f726567656e65726174657c693a313537383336303235363b61705f6b6563616d6174616e7c733a313a2232223b61705f6b656c75726168616e7c733a323a223232223b61705f706f7379616e64757c733a313a2231223b61705f6e616d615f706f7379616e64757c733a31383a2253657469612052617475205061746f6b616e223b61705f69645f757365727c733a313a2235223b61705f70617373776f72647c733a34303a2236386264373263666364313862643263336337383162626365643163353966623464643637633033223b61705f6e616d617c733a31313a226b61646572206669747269223b61705f6c6576656c7c733a353a224b61646572223b61705f6c6576656c5f63617074696f6e7c733a353a224b61646572223b),
('2568337ca27f113036cf8edf3d949d66437f5442', '::1', 1578361539, 0x5f5f63695f6c6173745f726567656e65726174657c693a313537383336313234383b61705f6b6563616d6174616e7c733a313a2230223b61705f6b656c75726168616e7c733a313a2230223b61705f706f7379616e64757c733a313a2230223b61705f6e616d615f706f7379616e64757c4e3b61705f69645f757365727c733a313a2231223b61705f70617373776f72647c733a34303a2264303333653232616533343861656235363630666332313430616563333538353063346461393937223b61705f6e616d617c733a31333a2241646d696e6973747261746f72223b61705f6c6576656c7c733a353a2261646d696e223b61705f6c6576656c5f63617074696f6e7c733a31333a2241646d696e6973747261746f72223b),
('635ddbf8b8bc669dc25ad42d2672f795583db26b', '112.78.133.121', 1578361935, 0x5f5f63695f6c6173745f726567656e65726174657c693a313537383336313730363b61705f69645f757365727c733a313a2231223b61705f70617373776f72647c733a34303a2264303333653232616533343861656235363630666332313430616563333538353063346461393937223b61705f6e616d617c733a31333a2241646d696e6973747261746f72223b61705f6c6576656c7c733a353a2261646d696e223b61705f6b6563616d6174616e7c733a313a2230223b61705f6b656c75726168616e7c733a313a2230223b61705f706f7379616e64757c733a313a2230223b61705f6e616d615f706f7379616e64757c4e3b61705f6c6576656c5f63617074696f6e7c733a31333a2241646d696e6973747261746f72223b),
('c9459fecf1df09a4424b825fa7e666ef3ca9c1e8', '112.78.133.121', 1578361827, 0x5f5f63695f6c6173745f726567656e65726174657c693a313537383336313832373b),
('d5856ee847ea484ad4bde326d24dc05c878644be', '112.78.133.121', 1578361827, 0x5f5f63695f6c6173745f726567656e65726174657c693a313537383336313832373b),
('492084ac106836446657011fcd9a6cf68f0624b8', '112.78.133.121', 1578362161, 0x5f5f63695f6c6173745f726567656e65726174657c693a313537383336323033303b61705f69645f757365727c733a313a2231223b61705f70617373776f72647c733a34303a2264303333653232616533343861656235363630666332313430616563333538353063346461393937223b61705f6e616d617c733a31333a2241646d696e6973747261746f72223b61705f6c6576656c7c733a353a2261646d696e223b61705f6b6563616d6174616e7c733a313a2230223b61705f6b656c75726168616e7c733a313a2230223b61705f706f7379616e64757c733a313a2230223b61705f6e616d615f706f7379616e64757c4e3b61705f6c6576656c5f63617074696f6e7c733a31333a2241646d696e6973747261746f72223b),
('816451e6e86b9cbe1ae25df431af49eb7bef6864', '112.78.133.121', 1578362127, 0x5f5f63695f6c6173745f726567656e65726174657c693a313537383336323132373b),
('4b5d6a0fb2c81d74bca7b6c173d649dbfa30ab20', '112.78.133.121', 1578362128, 0x5f5f63695f6c6173745f726567656e65726174657c693a313537383336323132383b),
('02eb1c8db2c375cabd510753a38ea7c277a31cb0', '112.78.133.120', 1578381646, 0x5f5f63695f6c6173745f726567656e65726174657c693a313537383338313632383b61705f6b6563616d6174616e7c733a313a2230223b61705f6b656c75726168616e7c733a313a2230223b61705f706f7379616e64757c733a313a2230223b61705f6e616d615f706f7379616e64757c4e3b),
('72c30a56f1edafd954b37b0778061b8001154f16', '112.78.133.120', 1578381888, 0x5f5f63695f6c6173745f726567656e65726174657c693a313537383338313838383b),
('eaab84d5a008551b50d3c995351be940f83ad5a8', '112.78.133.120', 1578381888, 0x5f5f63695f6c6173745f726567656e65726174657c693a313537383338313838383b),
('77d2a6a97c9511f436f03d71d9af4fb48125c856', '112.78.133.120', 1578387096, 0x5f5f63695f6c6173745f726567656e65726174657c693a313537383338363839333b61705f6b6563616d6174616e7c733a313a2230223b61705f6b656c75726168616e7c733a313a2230223b61705f706f7379616e64757c733a313a2230223b61705f6e616d615f706f7379616e64757c4e3b61705f69645f757365727c733a313a2231223b61705f70617373776f72647c733a34303a2264303333653232616533343861656235363630666332313430616563333538353063346461393937223b61705f6e616d617c733a31333a2241646d696e6973747261746f72223b61705f6c6576656c7c733a353a2261646d696e223b61705f6c6576656c5f63617074696f6e7c733a31333a2241646d696e6973747261746f72223b),
('1fcc9c604b580a4b7b774cbcd470c4d916dff935', '103.233.153.10', 1578450565, 0x5f5f63695f6c6173745f726567656e65726174657c693a313537383435303439303b61705f69645f757365727c733a313a2231223b61705f70617373776f72647c733a34303a2264303333653232616533343861656235363630666332313430616563333538353063346461393937223b61705f6e616d617c733a31333a2241646d696e6973747261746f72223b61705f6c6576656c7c733a353a2261646d696e223b61705f6b6563616d6174616e7c733a313a2230223b61705f6b656c75726168616e7c733a313a2230223b61705f706f7379616e64757c733a313a2230223b61705f6e616d615f706f7379616e64757c4e3b61705f6c6576656c5f63617074696f6e7c733a31333a2241646d696e6973747261746f72223b),
('bf9d7d90468201d9805586ad5fbea012714ad1dc', '112.78.133.120', 1578554129, 0x5f5f63695f6c6173745f726567656e65726174657c693a313537383535343132393b61705f6b6563616d6174616e7c733a313a2230223b61705f6b656c75726168616e7c733a313a2230223b61705f706f7379616e64757c733a313a2230223b61705f6e616d615f706f7379616e64757c4e3b61705f69645f757365727c733a313a2231223b61705f70617373776f72647c733a34303a2264303333653232616533343861656235363630666332313430616563333538353063346461393937223b61705f6e616d617c733a31333a2241646d696e6973747261746f72223b61705f6c6576656c7c733a353a2261646d696e223b61705f6c6576656c5f63617074696f6e7c733a31333a2241646d696e6973747261746f72223b),
('2b41d0ed04e80f0f537595fc743a3ab42412fbcb', '103.31.232.82', 1578642220, 0x5f5f63695f6c6173745f726567656e65726174657c693a313537383634323232303b),
('b27f61e9f85b8fff5f7e6692c54feefd1034ae5b', '118.99.69.18', 1578735212, 0x5f5f63695f6c6173745f726567656e65726174657c693a313537383733353231323b61705f6b6563616d6174616e7c733a313a2230223b61705f6b656c75726168616e7c733a313a2230223b61705f706f7379616e64757c733a313a2230223b61705f6e616d615f706f7379616e64757c4e3b61705f69645f757365727c733a313a2231223b61705f70617373776f72647c733a34303a2264303333653232616533343861656235363630666332313430616563333538353063346461393937223b61705f6e616d617c733a31333a2241646d696e6973747261746f72223b61705f6c6576656c7c733a353a2261646d696e223b61705f6c6576656c5f63617074696f6e7c733a31333a2241646d696e6973747261746f72223b),
('c57b0503d0e1c9651c180fdb55d8c1be581f8112', '36.72.236.177', 1578873357, 0x5f5f63695f6c6173745f726567656e65726174657c693a313537383837333332393b61705f69645f757365727c733a313a2231223b61705f70617373776f72647c733a34303a2264303333653232616533343861656235363630666332313430616563333538353063346461393937223b61705f6e616d617c733a31333a2241646d696e6973747261746f72223b61705f6c6576656c7c733a353a2261646d696e223b61705f6b6563616d6174616e7c733a313a2230223b61705f6b656c75726168616e7c733a313a2230223b61705f706f7379616e64757c733a313a2230223b61705f6e616d615f706f7379616e64757c4e3b61705f6c6576656c5f63617074696f6e7c733a31333a2241646d696e6973747261746f72223b),
('e8c7a38ce50286323b13a91dccb96f44ef08177c', '36.72.236.177', 1579013883, 0x5f5f63695f6c6173745f726567656e65726174657c693a313537393031333838323b61705f69645f757365727c733a313a2231223b61705f70617373776f72647c733a34303a2264303333653232616533343861656235363630666332313430616563333538353063346461393937223b61705f6e616d617c733a31333a2241646d696e6973747261746f72223b61705f6c6576656c7c733a353a2261646d696e223b61705f6b6563616d6174616e7c733a313a2230223b61705f6b656c75726168616e7c733a313a2230223b61705f706f7379616e64757c733a313a2230223b61705f6e616d615f706f7379616e64757c4e3b61705f6c6576656c5f63617074696f6e7c733a31333a2241646d696e6973747261746f72223b),
('e67145700836c2c25a96273098ce515b1a3787f2', '36.72.236.177', 1579041501, 0x5f5f63695f6c6173745f726567656e65726174657c693a313537393034313433363b61705f69645f757365727c733a313a2231223b61705f70617373776f72647c733a34303a2264303333653232616533343861656235363630666332313430616563333538353063346461393937223b61705f6e616d617c733a31333a2241646d696e6973747261746f72223b61705f6c6576656c7c733a353a2261646d696e223b61705f6b6563616d6174616e7c733a313a2230223b61705f6b656c75726168616e7c733a313a2230223b61705f706f7379616e64757c733a313a2230223b61705f6e616d615f706f7379616e64757c4e3b61705f6c6576656c5f63617074696f6e7c733a31333a2241646d696e6973747261746f72223b),
('b5cba900b05e72f7b37cefe2349ce092f9ea057a', '36.84.227.226', 1579063737, 0x5f5f63695f6c6173745f726567656e65726174657c693a313537393036333733363b61705f69645f757365727c733a313a2231223b61705f70617373776f72647c733a34303a2264303333653232616533343861656235363630666332313430616563333538353063346461393937223b61705f6e616d617c733a31333a2241646d696e6973747261746f72223b61705f6c6576656c7c733a353a2261646d696e223b61705f6b6563616d6174616e7c733a313a2230223b61705f6b656c75726168616e7c733a313a2230223b61705f706f7379616e64757c733a313a2230223b61705f6e616d615f706f7379616e64757c4e3b61705f6c6576656c5f63617074696f6e7c733a31333a2241646d696e6973747261746f72223b);

-- --------------------------------------------------------

--
-- Table structure for table `pj_jadwal_posyandu`
--

CREATE TABLE `pj_jadwal_posyandu` (
  `id_master_jadwal` int(11) NOT NULL,
  `id_posyandu` int(20) NOT NULL,
  `tanggal_posyandu` date NOT NULL,
  `waktu` time NOT NULL,
  `lokasi` text NOT NULL
) ENGINE=MyISAM DEFAULT CHARSET=latin1;

--
-- Dumping data for table `pj_jadwal_posyandu`
--

INSERT INTO `pj_jadwal_posyandu` (`id_master_jadwal`, `id_posyandu`, `tanggal_posyandu`, `waktu`, `lokasi`) VALUES
(13, 1, '2019-09-30', '17:08:45', 'Lapangan'),
(8, 1, '2019-08-26', '13:00:00', 'Posyandu'),
(9, 1, '2020-08-26', '13:00:00', 'Rumah pak RT'),
(17, 1, '2019-10-18', '12:00:00', 'Jl Payudan Timur'),
(18, 1, '2019-10-22', '08:00:00', 'posyandu mekarsari tamansari');

-- --------------------------------------------------------

--
-- Table structure for table `pj_kategori_barang`
--

CREATE TABLE `pj_kategori_barang` (
  `id_kategori_barang` mediumint(1) UNSIGNED NOT NULL,
  `kategori` varchar(40) NOT NULL,
  `dihapus` enum('tidak','ya') NOT NULL
) ENGINE=MyISAM DEFAULT CHARSET=latin1;

--
-- Dumping data for table `pj_kategori_barang`
--

INSERT INTO `pj_kategori_barang` (`id_kategori_barang`, `kategori`, `dihapus`) VALUES
(1, 'Sepatu', 'ya'),
(2, 'Tas', 'ya'),
(3, 'Baju', 'ya'),
(4, 'Celana', 'ya'),
(5, 'Topi', 'ya'),
(6, 'Gelang', 'ya'),
(7, 'Jam', 'ya'),
(8, 'Makanan', 'tidak'),
(9, 'Minuman', 'tidak');

-- --------------------------------------------------------

--
-- Table structure for table `pj_master_ukuran_ikan`
--

CREATE TABLE `pj_master_ukuran_ikan` (
  `id_master_ukuran_ikan` int(11) NOT NULL,
  `id_kode_ikan` int(11) NOT NULL,
  `kode_ukuran_ikan` varchar(50) NOT NULL,
  `ukuran_ikan` varchar(30) NOT NULL,
  `harga` int(11) NOT NULL,
  `total_stok` int(11) NOT NULL,
  `status` int(11) NOT NULL
) ENGINE=MyISAM DEFAULT CHARSET=latin1;

-- --------------------------------------------------------

--
-- Table structure for table `pj_merk_barang`
--

CREATE TABLE `pj_merk_barang` (
  `id_merk_barang` mediumint(1) UNSIGNED NOT NULL,
  `merk` varchar(40) NOT NULL,
  `dihapus` enum('tidak','ya') NOT NULL
) ENGINE=MyISAM DEFAULT CHARSET=latin1;

--
-- Dumping data for table `pj_merk_barang`
--

INSERT INTO `pj_merk_barang` (`id_merk_barang`, `merk`, `dihapus`) VALUES
(1, 'Kopi Aceh', 'ya'),
(2, 'Nike', 'ya'),
(3, 'BodyPack', 'ya'),
(4, 'Jansport', 'ya'),
(5, 'Nevada', 'ya'),
(6, 'Jackloth', 'ya'),
(7, 'Pierro', 'ya'),
(8, 'Pierro', 'ya'),
(9, 'Pierro', 'ya'),
(10, 'Converse', 'ya'),
(11, 'Piero', 'ya'),
(12, 'Teen', 'ya'),
(13, 'adass2', 'ya'),
(14, 'asda', 'ya'),
(15, 'sada3', 'ya'),
(16, 'asda 3', 'ya'),
(17, '333', 'ya'),
(18, 'Cakalan', 'tidak'),
(19, 'Kopi Gayo', 'ya'),
(20, 'Kopi Lampung', 'ya'),
(21, 'Kopi Belawan', 'ya'),
(22, 'testing', 'tidak');

-- --------------------------------------------------------

--
-- Table structure for table `pj_nama_ikan_pembelian`
--

CREATE TABLE `pj_nama_ikan_pembelian` (
  `id_nama_ikan_pembelian` int(11) NOT NULL,
  `kode_ikan` varchar(40) NOT NULL,
  `nama_ikan_pembelian` varchar(35) DEFAULT NULL,
  `harga` int(11) NOT NULL,
  `satuan` varchar(50) NOT NULL,
  `status` int(11) NOT NULL
) ENGINE=InnoDB DEFAULT CHARSET=latin1;

-- --------------------------------------------------------

--
-- Table structure for table `pj_pelanggan`
--

CREATE TABLE `pj_pelanggan` (
  `id_pelanggan` mediumint(1) UNSIGNED NOT NULL,
  `nama` varchar(40) NOT NULL,
  `alamat` text DEFAULT NULL,
  `telp` varchar(40) DEFAULT NULL,
  `info_tambahan` text DEFAULT NULL,
  `kode_unik` varchar(30) NOT NULL,
  `waktu_input` datetime NOT NULL,
  `dihapus` enum('tidak','ya') NOT NULL
) ENGINE=MyISAM DEFAULT CHARSET=latin1;

--
-- Dumping data for table `pj_pelanggan`
--

INSERT INTO `pj_pelanggan` (`id_pelanggan`, `nama`, `alamat`, `telp`, `info_tambahan`, `kode_unik`, `waktu_input`, `dihapus`) VALUES
(1, 'Pak Udin', 'Jalan Kayumanis 2 Baru', '08838493439', 'Testtt', '', '2016-05-07 22:44:25', 'ya'),
(2, 'Pak Jarwo', 'Kemanggisan deket binus', '4353535353', NULL, '', '2016-05-07 22:44:49', 'ya'),
(3, 'Joko', 'Kayumanis', '08773682882', '', '', '2016-05-23 16:31:47', 'ya'),
(4, 'Budi', 'Salemba', '089930393829', 'Testing', '', '2016-05-23 16:33:00', 'ya'),
(5, 'Mira', 'Pisangan', '09938829232', '', '', '2016-05-23 16:36:45', 'ya'),
(6, 'Deden', 'Jauh', '990393', 'Test', '', '2016-05-24 20:54:58', 'ya'),
(7, 'Jamil', 'Berlan', '0934934939', '', '14640998941', '2016-05-24 21:24:54', 'ya'),
(8, 'Budi', 'Jatinegara', '8349393439', '', '14640999321', '2016-05-24 21:25:32', 'ya'),
(9, 'Kodok', 'Test', '0000', '', '14641003271', '2016-05-24 21:32:07', 'ya'),
(10, 'Brandon', 'Test', '99030', '', '14641003401', '2016-05-24 21:32:20', 'ya'),
(11, 'Broke', 'Test', '9900', 'Test', '14641005481', '2016-05-24 21:35:48', 'ya'),
(12, 'Narji', 'Test', '000', 'Test', '14641006401', '2016-05-24 21:37:20', 'ya'),
(13, 'Bernard', 'Test', '0000', 'test', '14641006651', '2016-05-24 21:37:45', 'ya'),
(14, 'Nani', 'Test\r\n\r\nAja', '0000', 'Test\r\n\r\nAja', '14641016551', '2016-05-24 21:54:15', 'ya'),
(15, 'Norman', 'Test', '0039349', '', '14641017311', '2016-05-24 21:55:31', 'ya'),
(16, 'Melina', 'Jauh', '9900039', 'Test', '14661682871', '2016-06-17 19:58:07', 'ya'),
(17, 'Malih', 'test', '3434343', '', '14729767201', '2016-09-04 15:12:00', 'ya'),
(18, 'jaka', 'jaka', '0000', 'jaka', '14729767881', '2016-09-04 15:13:08', 'ya'),
(19, 'makak', 'kkk', '999', 'kakad', '14729768261', '2016-09-04 15:13:46', 'ya'),
(20, 'asda', 'asda', '2342', 'asdad', '14729768371', '2016-09-04 15:13:57', 'ya'),
(21, 'asdadadasdad', 'test', '324', 'asdadad', '14729768481', '2016-09-04 15:14:08', 'ya'),
(22, 'SUMBER NIKMAT', 'KALIMATI - MUNCAR', '082245743042', '', '15568723131', '2019-05-03 15:31:53', 'tidak'),
(23, 'SUMBER NIKMAT', 'KALIMATI - MUNCAR', '082245743042', '', '15573548581', '2019-05-09 05:34:18', 'tidak'),
(24, 'SUMBER NIKMAT', 'KALIMATI - MUNCAR', '082245743042', '', '15573550581', '2019-05-09 05:37:38', 'tidak');

-- --------------------------------------------------------

--
-- Table structure for table `pj_pembelian_detail`
--

CREATE TABLE `pj_pembelian_detail` (
  `id_pembelian_d` int(1) UNSIGNED NOT NULL,
  `id_pembelian_m` int(1) UNSIGNED NOT NULL,
  `id_barang` int(1) NOT NULL,
  `jumlah_beli` smallint(1) UNSIGNED NOT NULL,
  `harga_satuan` decimal(10,0) NOT NULL,
  `total` decimal(10,0) NOT NULL
) ENGINE=MyISAM DEFAULT CHARSET=latin1;

--
-- Dumping data for table `pj_pembelian_detail`
--

INSERT INTO `pj_pembelian_detail` (`id_pembelian_d`, `id_pembelian_m`, `id_barang`, `jumlah_beli`, `harga_satuan`, `total`) VALUES
(109, 70, 17, 542, 3250, 1761500),
(107, 70, 17, 418, 5100, 2131800),
(106, 69, 17, 869, 5250, 4562250),
(105, 68, 17, 524, 5250, 2751000),
(104, 67, 17, 523, 4750, 2484250),
(103, 67, 17, 270, 5250, 1417500),
(102, 66, 17, 1418, 5100, 7231800),
(8, 1, 26, 4905, 7250, 35561250),
(9, 2, 26, 1884, 6000, 11304000),
(10, 3, 5, 794, 10500, 8337000),
(11, 4, 7, 444, 12750, 5661000),
(12, 5, 7, 1752, 12750, 22338000),
(13, 6, 7, 804, 12100, 9728400),
(14, 6, 17, 160, 11500, 1840000),
(15, 7, 7, 1355, 12100, 16395500),
(16, 8, 7, 756, 12100, 9147600),
(17, 9, 7, 1089, 12600, 13721400),
(18, 10, 6, 367, 17500, 6422500),
(19, 10, 6, 530, 15000, 7950000),
(20, 11, 9, 1830, 8000, 14640000),
(21, 11, 24, 140, 4000, 560000),
(22, 11, 25, 9, 2500, 22500),
(23, 12, 9, 1659, 8500, 14101500),
(24, 13, 9, 1522, 8500, 12937000),
(25, 14, 9, 943, 8000, 7544000),
(26, 14, 9, 384, 8500, 3264000),
(27, 15, 9, 783, 8250, 6459750),
(28, 15, 1, 104, 7000, 728000),
(29, 16, 4, 954, 13500, 12879000),
(30, 16, 7, 1314, 9500, 12483000),
(31, 17, 7, 1026, 11500, 11799000),
(32, 18, 9, 4840, 8500, 41140000),
(33, 18, 24, 440, 4000, 1760000),
(34, 18, 7, 100, 5000, 500000),
(35, 18, 25, 15, 2500, 37500),
(36, 19, 7, 1998, 6250, 12487500),
(37, 19, 7, 1902, 7500, 14265000),
(38, 19, 5, 152, 6500, 988000),
(39, 20, 7, 748, 5500, 4114000),
(40, 21, 7, 1407, 7500, 10552500),
(41, 21, 7, 287, 6250, 1793750),
(42, 22, 9, 303, 9100, 2757300),
(43, 22, 9, 107, 8600, 920200),
(44, 23, 9, 806, 9250, 7455500),
(45, 24, 9, 789, 9250, 7298250),
(46, 25, 9, 272, 8500, 2312000),
(47, 26, 9, 2014, 9250, 18629500),
(48, 27, 7, 2392, 6500, 15548000),
(49, 28, 9, 458, 9100, 4167800),
(50, 29, 9, 783, 9250, 7242750),
(51, 30, 9, 1711, 9250, 15826750),
(52, 31, 9, 2092, 8000, 16736000),
(53, 31, 9, 2323, 7000, 16261000),
(54, 32, 9, 2925, 8000, 23400000),
(55, 33, 17, 2658, 7250, 19270500),
(56, 33, 17, 1608, 7250, 11658000),
(57, 34, 17, 1152, 7000, 8064000),
(58, 34, 17, 147, 6250, 918750),
(59, 34, 17, 114, 5000, 570000),
(60, 35, 17, 294, 6250, 1837500),
(61, 36, 17, 2239, 6250, 13993750),
(62, 36, 17, 273, 5000, 1365000),
(63, 37, 17, 1924, 6000, 11544000),
(64, 38, 17, 1231, 5500, 6770500),
(65, 38, 17, 470, 6100, 2867000),
(66, 39, 17, 391, 6250, 2443750),
(67, 40, 17, 2146, 6100, 13090600),
(68, 40, 17, 387, 5000, 1935000),
(69, 41, 17, 677, 6100, 4129700),
(70, 42, 17, 5175, 6000, 31050000),
(71, 43, 17, 410, 5000, 2050000),
(72, 43, 17, 548, 4000, 2192000),
(73, 44, 17, 1028, 5600, 5756800),
(74, 45, 17, 488, 5500, 2684000),
(75, 46, 17, 802, 5600, 4491200),
(76, 47, 17, 416, 5500, 2288000),
(77, 48, 17, 2436, 5250, 12789000),
(78, 48, 17, 237, 4000, 948000),
(79, 49, 17, 881, 5000, 4405000),
(80, 50, 17, 544, 5000, 2720000),
(81, 51, 17, 699, 5100, 3564900),
(82, 51, 17, 248, 4000, 992000),
(83, 52, 17, 15, 3250, 48750),
(84, 53, 17, 1215, 5100, 6196500),
(85, 53, 17, 140, 4000, 560000),
(110, 71, 7, 3426, 6500, 22269000),
(108, 70, 17, 133, 4100, 545300),
(113, 73, 17, 2374, 5750, 13650500),
(112, 72, 17, 639, 5600, 3578400),
(111, 71, 17, 126, 5000, 630000),
(114, 74, 17, 60, 5600, 336000),
(115, 75, 17, 93, 5500, 511500),
(116, 76, 27, 995, 4500, 4477500),
(117, 77, 17, 329, 5750, 1891750),
(118, 78, 17, 386, 5500, 2123000),
(119, 79, 17, 1707, 5750, 9815250),
(120, 80, 17, 249, 5250, 1307250),
(121, 81, 17, 370, 5350, 1979500),
(122, 82, 17, 1261, 6000, 7566000),
(123, 82, 17, 1264, 5100, 6446400),
(124, 83, 17, 1136, 5600, 6361600),
(125, 84, 17, 228, 5600, 1276800),
(126, 85, 9, 5420, 7500, 40650000),
(127, 85, 24, 180, 4000, 720000),
(128, 85, 25, 2500, 10, 25000),
(129, 86, 9, 3455, 8000, 27640000),
(130, 87, 17, 620, 5500, 3410000),
(131, 87, 17, 114, 6000, 684000),
(132, 87, 17, 123, 5000, 615000),
(133, 88, 17, 505, 5500, 2777500),
(134, 89, 9, 2910, 8000, 23280000),
(135, 90, 9, 137, 8000, 1096000),
(136, 91, 9, 243, 8000, 1944000),
(137, 92, 9, 1710, 8500, 14535000),
(138, 92, 24, 90, 4000, 360000),
(139, 92, 1, 40, 7000, 280000),
(140, 92, 25, 59, 2500, 147500),
(141, 93, 9, 1600, 8500, 13600000),
(142, 93, 24, 140, 4000, 560000),
(143, 93, 1, 50, 7000, 350000),
(144, 93, 25, 99, 2500, 247500);

-- --------------------------------------------------------

--
-- Table structure for table `pj_pembelian_master`
--

CREATE TABLE `pj_pembelian_master` (
  `id_pembelian_m` int(1) UNSIGNED NOT NULL,
  `nomor_nota` varchar(40) NOT NULL,
  `tanggal` datetime NOT NULL,
  `grand_total` decimal(10,0) NOT NULL,
  `bayar` decimal(10,0) NOT NULL,
  `keterangan_lain` text DEFAULT NULL,
  `id_pelanggan` mediumint(1) UNSIGNED DEFAULT NULL,
  `id_user` mediumint(1) UNSIGNED NOT NULL,
  `status_pembayaran` int(11) NOT NULL
) ENGINE=MyISAM DEFAULT CHARSET=latin1;

--
-- Dumping data for table `pj_pembelian_master`
--

INSERT INTO `pj_pembelian_master` (`id_pembelian_m`, `nomor_nota`, `tanggal`, `grand_total`, `bayar`, `keterangan_lain`, `id_pelanggan`, `id_user`, `status_pembayaran`) VALUES
(1, 'SVN00001', '2019-01-05 07:00:30', 35561250, 35561250, '', 5, 6, 1),
(2, 'SVN00002', '2019-01-05 07:00:38', 11304000, 11304000, '', 5, 6, 1),
(3, 'SVN00003', '2019-01-05 08:00:04', 8337000, 8337000, '', 8, 6, 1),
(4, 'SVN00004', '2019-02-08 07:00:12', 5661000, 5661000, '', 11, 6, 1),
(5, 'SVN00005', '2019-02-08 07:00:28', 22338000, 22338000, '', 8, 6, 1),
(6, 'SVN00006', '2019-02-08 08:00:40', 11568400, 11568400, '', 8, 6, 1),
(7, 'SVN00007', '2019-02-10 07:00:01', 16395500, 16395500, '', 11, 6, 1),
(8, 'SVN00008', '2019-02-10 09:00:08', 9147600, 9147600, '', 23, 6, 1),
(9, 'SVN00009', '2019-02-10 09:00:06', 13721400, 13721400, '', 6, 6, 1),
(10, 'SVN00010', '2019-02-12 09:00:26', 14372500, 14372500, 'DIPOTONG PINJAMAN  RP.  10.000.000\nSISA YANG HARUS DIBAYARKAN KE JUMADIN  RP.   4.372.500', 13, 1, 1),
(11, 'SVN00011', '2019-03-03 13:00:02', 15222500, 15222500, 'IKAN DARI PENGAMBENGAN - BALI', 9, 6, 1),
(12, 'SVN00012', '2019-02-28 07:00:55', 14101500, 14101500, '', 8, 6, 1),
(13, 'SVN00013', '2019-02-28 07:00:10', 12937000, 12937000, '', 6, 6, 1),
(14, 'SVN00014', '2019-02-28 08:00:14', 10808000, 10808000, '', 11, 6, 1),
(15, 'SVN00015', '2019-02-28 10:00:30', 7187750, 7187750, 'DAPATNYA KAPALAN MB', 12, 6, 1),
(16, 'SVN00016', '2019-03-02 08:00:11', 25362000, 25362000, 'DAPATNYA KAPAL ANUGRAH', 12, 6, 1),
(17, 'SVN00017', '2019-03-02 10:00:25', 11799000, 11799000, '', 8, 6, 1),
(18, 'SVN00018', '2019-03-04 13:00:40', 43437500, 43437500, 'DIPOTONG ONGKOS BONGKAR / MANOL  RP.   400.000\nSISA YG HARUS DIBAYAR KE H.MAHFUD  RP.  43.037500\nIKAN DARI PENGAMBENGAN - BALI', 9, 6, 1),
(19, 'SVN00019', '2019-03-03 08:00:59', 27740500, 27740500, '', 8, 6, 1),
(20, 'SVN00020', '2019-03-03 10:00:12', 4114000, 4114000, '', 11, 6, 1),
(21, 'SVN00021', '2019-03-03 10:00:20', 12346250, 12346250, '', 6, 1, 1),
(22, 'SVN00022', '2019-03-04 08:00:49', 3677500, 3677500, 'IKAN DAPATNYA KURASAN PERAHU BINTANG BARU MILIK JUPRI', NULL, 6, 1),
(23, 'SVN00023', '2019-03-04 09:00:02', 7455500, 7455500, '', 17, 6, 1),
(24, 'SVN00024', '2019-03-04 10:00:12', 7298250, 7298250, 'IKAN DAPATNYA PERAHU BINTANG BARU MILIK PENJUAL ASAN', NULL, 6, 1),
(25, 'SVN00025', '2019-03-04 10:00:23', 2312000, 2312000, '', 4, 6, 1),
(26, 'SVN00026', '2019-03-04 10:00:37', 18629500, 18629500, '', 16, 6, 1),
(27, 'SVN00027', '2019-03-05 08:00:06', 15548000, 15548000, '', 8, 6, 1),
(28, 'SVN00028', '2019-03-05 09:00:26', 4167800, 4167800, 'IKAN DAPATNYA PERAHU BINTANG BARU PENJUAL ASAN', NULL, 6, 1),
(29, 'SVN00029', '2019-03-05 09:00:50', 7242750, 7242750, '', 17, 6, 1),
(30, 'SVN00030', '2019-03-05 09:00:51', 15826750, 15826750, '', 16, 6, 1),
(31, 'SVN00031', '2019-03-06 08:00:43', 32997000, 32997000, '', 17, 6, 1),
(32, 'SVN00032', '2019-03-06 08:00:25', 23400000, 23400000, '', 16, 6, 1),
(33, 'SVN00033', '2019-03-09 07:00:26', 30928500, 30928500, '', 6, 6, 1),
(34, 'SVN00034', '2019-03-09 09:00:14', 9552750, 9552750, '', 11, 6, 1),
(35, 'SVN00035', '2019-03-09 10:00:46', 1837500, 1837500, 'IKAN ECERAN MILIK IRIL', NULL, 6, 1),
(36, 'SVN00036', '2019-03-10 08:00:02', 15358750, 15358750, '', 15, 6, 1),
(37, 'SVN00037', '2019-03-10 08:00:19', 11544000, 11544000, 'IKAN ECERAN MILIK MAK SUREP', NULL, 6, 1),
(38, 'SVN00038', '2019-03-10 09:00:52', 9637500, 9637500, 'IKAN ECERAN MILIK LIHEN', NULL, 6, 1),
(39, 'SVN00039', '2019-03-11 08:00:08', 2443750, 2443750, 'IKAN DAPATNYA PERAHU BINTANG HARAPAN', NULL, 6, 1),
(40, 'SVN00040', '2019-03-11 09:00:58', 15025600, 15025600, 'IKAN DAPATNYA AWITAN', 3, 6, 1),
(41, 'SVN00041', '2019-03-11 09:00:28', 4129700, 4129700, '', 4, 6, 1),
(42, 'SVN00042', '2019-03-11 09:00:19', 31050000, 31050000, '', 8, 6, 1),
(43, 'SVN00043', '2019-03-11 10:00:33', 4242000, 4242000, '', 8, 6, 1),
(44, 'SVN00044', '2019-03-14 08:00:21', 5756800, 5756800, '', 13, 6, 1),
(45, 'SVN00045', '2019-03-14 09:00:57', 2684000, 2684000, 'DAPATNYA PERAHU BINTANG BARU', 3, 6, 1),
(46, 'SVN00046', '2019-03-14 09:00:51', 4491200, 4491200, 'DAPATNYA PERAHU SUMBER NIKMAT', NULL, 6, 1),
(47, 'SVN00047', '2019-03-14 09:00:32', 2288000, 2288000, '', 8, 6, 1),
(48, 'SVN00048', '2019-03-14 09:00:42', 13737000, 13737000, 'IKAN ECERAN PUNYA FAUZI', NULL, 6, 1),
(49, 'SVN00049', '2019-03-14 10:00:11', 4405000, 4405000, 'IKAN ECERAN PUNYA MAK SUREP', NULL, 6, 1),
(50, 'SVN00050', '2019-03-12 07:00:52', 2720000, 2720000, 'IKAN ECERAN PUNYA MAK SUREP', NULL, 6, 1),
(51, 'SVN00051', '2019-03-12 08:00:06', 4556900, 4556900, 'IKAN AWITAN PUNYA LIHEN', NULL, 6, 1),
(52, 'SVN00052', '2019-03-12 08:00:40', 48750, 48750, '', 4, 6, 1),
(53, 'SVN00053', '2019-03-12 10:00:00', 6756500, 6756500, 'IKAN DAPATNYA KAPAL MB', 12, 6, 1),
(66, 'SVN00054', '2019-03-12 10:00:08', 7231800, 7231800, 'IKAN PACOKAN KAPAL SLEREK BINTANG BARU', 21, 6, 1),
(67, 'SVN00055', '2019-03-13 09:00:57', 3901750, 3901750, '', 4, 6, 1),
(68, 'SVN00056', '2019-03-13 10:00:20', 2751000, 2751000, 'IKAN AWITAN LIHEN', 0, 6, 1),
(69, 'SVN00057', '2019-03-13 10:00:02', 4562250, 4562250, '', 8, 6, 1),
(70, 'SVN00058', '2019-03-13 11:00:45', 4438600, 4438600, 'IKAN DAPATNYA KAPALAN MB', 12, 6, 1),
(71, 'SVN00059', '2019-03-15 09:00:34', 22899000, 22899000, '', 11, 6, 1),
(72, 'SVN00060', '2019-03-15 09:00:23', 3578400, 3578400, '', 8, 6, 1),
(73, 'SVN00061', '2019-03-15 09:00:26', 13650500, 13650500, 'IKAN DAPATNYA KAPALAN MB', 12, 6, 1),
(74, 'SVN00062', '2019-03-15 09:00:29', 336000, 336000, 'IKAN ECERAN FAUZI', 0, 6, 1),
(75, 'SVN00063', '2019-03-15 09:00:25', 511500, 511500, 'IKAN ECERAN BU SUREP', 0, 6, 1),
(76, 'SVN00064', '2019-03-16 08:00:19', 4477500, 4477500, '', 13, 6, 1),
(77, 'SVN00065', '2019-03-16 09:00:00', 1891750, 1891750, '', 11, 6, 1),
(78, 'SVN00066', '2019-03-16 09:00:19', 2123000, 2123000, '', 24, 6, 1),
(79, 'SVN00067', '2019-03-16 09:00:10', 9815250, 9815250, '', 6, 6, 1),
(80, 'SVN00068', '2019-03-16 09:00:14', 1307250, 1307250, '', 4, 6, 1),
(81, 'SVN00069', '2019-03-18 08:00:05', 1979500, 1979500, 'IKAN ECERAN MARSODO', 3, 6, 1),
(82, 'SVN00070', '2019-03-18 09:00:43', 14012400, 14012400, 'IKANNYA RIMANG', 0, 6, 1),
(83, 'SVN00071', '2019-03-18 09:00:22', 6361600, 6361600, '', 22, 6, 1),
(84, 'SVN00072', '2019-03-18 09:00:09', 1276800, 1276800, '', 4, 6, 1),
(85, 'SVN00073', '2019-03-02 12:00:42', 41395000, 41395000, 'DIPOTONG ONGKOS MANOL RP.  400.000 \nJADI YANG HARUS DIBAYARKAN KE H.MAHFUD RP. 40.995.000', 9, 6, 1),
(86, 'SVN00074', '2019-03-28 08:00:32', 27640000, 27640000, '', 5, 6, 1),
(87, 'SVN00075', '2019-03-29 09:00:44', 4709000, 4709000, '', 11, 6, 1),
(88, 'SVN00076', '2019-03-29 10:00:11', 2777500, 2777500, 'IKAN ECERAN MILIK ZAENAL', 3, 6, 1),
(89, 'SVN00077', '2019-03-31 08:00:24', 23280000, 23280000, '', 5, 6, 1),
(90, 'SVN00078', '2019-03-31 09:00:13', 1096000, 1096000, 'IKAN MILIK YUDI ECERAN', 3, 6, 1),
(91, 'SVN00079', '2019-03-31 10:00:17', 1944000, 1944000, 'IKAN MILIK AZIZ ECERAN', 3, 6, 1),
(92, 'SVN00080', '2019-02-28 13:00:36', 15322500, 15322500, 'DIPOTONG MANOL 200 RB\nDIPOTONG BON  300 RB \nSISA RP. 14.822.500', 2, 6, 0),
(93, 'SVN00081', '2019-02-28 13:00:38', 14757500, 14757500, 'SOPIR AMIR\nMANOL 200RB\nKAS BON 800RB\nTOTAL SISA RP . 13.757.500', 2, 6, 0);

-- --------------------------------------------------------

--
-- Table structure for table `pj_penjualan_detail`
--

CREATE TABLE `pj_penjualan_detail` (
  `id_penjualan_d` int(1) UNSIGNED NOT NULL,
  `id_penjualan_m` int(1) UNSIGNED NOT NULL,
  `id_barang` int(1) NOT NULL,
  `jumlah_beli` smallint(1) UNSIGNED NOT NULL,
  `harga_satuan` decimal(10,0) NOT NULL,
  `total` decimal(10,0) NOT NULL
) ENGINE=MyISAM DEFAULT CHARSET=latin1;

-- --------------------------------------------------------

--
-- Table structure for table `pj_penjualan_master`
--

CREATE TABLE `pj_penjualan_master` (
  `id_penjualan_m` int(1) UNSIGNED NOT NULL,
  `nomor_nota` varchar(40) NOT NULL,
  `tanggal` datetime NOT NULL,
  `grand_total` decimal(10,0) NOT NULL,
  `bayar` decimal(10,0) NOT NULL,
  `keterangan_lain` text DEFAULT NULL,
  `id_pelanggan` mediumint(1) UNSIGNED DEFAULT NULL,
  `id_user` mediumint(1) UNSIGNED NOT NULL
) ENGINE=MyISAM DEFAULT CHARSET=latin1;

-- --------------------------------------------------------

--
-- Table structure for table `pj_suplier`
--

CREATE TABLE `pj_suplier` (
  `id_suplier` int(11) NOT NULL,
  `suplier_nama` varchar(35) DEFAULT NULL,
  `suplier_alamat` varchar(60) DEFAULT NULL,
  `suplier_notelp` varchar(20) DEFAULT NULL,
  `info_lain` varchar(100) NOT NULL,
  `kode_unik` varchar(100) NOT NULL,
  `waktu_input` datetime NOT NULL,
  `status` int(11) NOT NULL,
  `dihapus` varchar(20) NOT NULL
) ENGINE=InnoDB DEFAULT CHARSET=latin1;

--
-- Dumping data for table `pj_suplier`
--

INSERT INTO `pj_suplier` (`id_suplier`, `suplier_nama`, `suplier_alamat`, `suplier_notelp`, `info_lain`, `kode_unik`, `waktu_input`, `status`, `dihapus`) VALUES
(2, 'Ahmad ratib', 'Loloan timur ,negara - bali', '081338674950', '', '', '2019-05-04 01:00:00', 1, ''),
(3, 'HASAN', 'Sampangan ,muncar', '082334812389', '', '', '2019-05-04 00:00:00', 1, ''),
(4, 'WAHED', 'MUNCAR', '085235134188', '', '', '2019-05-04 00:00:00', 1, ''),
(5, 'KOIN', 'MUNCAR', '081358619518', '', '', '2019-05-04 00:00:00', 1, ''),
(6, 'NUR BL KAPALAN', 'MUNCAR', '085258509554', '', '', '0000-00-00 00:00:00', 1, ''),
(7, 'DOER KAPALAN', 'MUNCAR', '085258887134', '', '', '0000-00-00 00:00:00', 1, ''),
(8, 'YOKO KAPALAN', 'MUNCAR', '081336791160', '', '', '0000-00-00 00:00:00', 1, ''),
(9, 'H.MAHFUD', 'MUNCAR', '081234806999', '', '', '0000-00-00 00:00:00', 1, ''),
(10, 'HISBULLAH', 'SENDANG BIRU', '085258752234', '', '', '0000-00-00 00:00:00', 1, ''),
(11, 'SANI KAPALAN', 'MUNCAR', '085204973125', '', '', '0000-00-00 00:00:00', 1, ''),
(12, 'MAT KAPALAN', 'MUNCAR', '081288725737', '', '', '0000-00-00 00:00:00', 1, ''),
(13, 'JUMADIN KAPALAN', 'MUNCAR', '085258887142', '', '', '0000-00-00 00:00:00', 1, ''),
(14, 'EDY NANAS KAPALAN', 'MUNCAR', '085331233173', '', '', '0000-00-00 00:00:00', 1, ''),
(15, 'PAK SU KAPALAN', 'MUNCAR', '082330513799', '', '', '0000-00-00 00:00:00', 1, ''),
(16, 'TOTOK KOTA JAYA', 'MUNCAR', '085236871999', '', '', '0000-00-00 00:00:00', 1, ''),
(17, 'BUDI KOTA JAYA', 'MUNCAR', '081391337175', '', '', '0000-00-00 00:00:00', 1, ''),
(18, 'H.MATSIN ARTO MORO', 'MUNCAR', '08123490345', '', '', '0000-00-00 00:00:00', 1, ''),
(19, 'H.ENDIK RAHAYU', 'MUNCAR', '085336659999', '', '', '0000-00-00 00:00:00', 1, ''),
(20, 'nurul ihsan', 'jl Danau Toba 70 Jember', '081217736148', 'info lain', '15584967591', '2019-05-22 10:45:59', 0, 'tidak'),
(21, 'BINTANG BARU', 'KALIMATI MUNCAR', '082334812389', '', '15590835991', '2019-05-29 05:46:39', 0, 'tidak'),
(22, 'LIHEN', 'SAMPANGAN - MUNCAR', '082334812389', '', '15590840711', '2019-05-29 05:54:31', 0, 'tidak'),
(23, 'AHMAD FAUZI', 'KEDUNGREJO - MUNCAR', '082334812389', '', '15590853161', '2019-05-29 06:15:16', 0, 'tidak'),
(24, 'BU SUREP', 'KALIMATI - MUNCAR', '082337174729', '', '15590854691', '2019-05-29 06:17:49', 0, 'tidak'),
(25, 'RIMANG', 'KEDUNGREJO - MUNCAR', '082334812389', '', '15590862331', '2019-05-29 06:30:33', 0, 'tidak'),
(26, 'KOKO', 'o1', '08112918181', '', '15687028441', '2019-09-17 13:47:24', 0, 'tidak');

-- --------------------------------------------------------

--
-- Table structure for table `tbl_pengumuman`
--

CREATE TABLE `tbl_pengumuman` (
  `id` int(11) NOT NULL,
  `gambar` mediumtext NOT NULL,
  `judul` varchar(200) NOT NULL,
  `tanggal` date NOT NULL,
  `content` text NOT NULL,
  `kategori` int(11) NOT NULL
) ENGINE=MyISAM DEFAULT CHARSET=latin1;

--
-- Dumping data for table `tbl_pengumuman`
--

INSERT INTO `tbl_pengumuman` (`id`, `gambar`, `judul`, `tanggal`, `content`, `kategori`) VALUES
(1, 'https://3.bp.blogspot.com/-rjLeAPs8RS4/V5m1hQEDMXI/AAAAAAAACIs/Kz2B94mzVKwBMjbRVUchBqi9FqzV64kEwCLcB/s320/Pengumuman.png', 'Pengumuman Jadwal Posyandu Di majukan tanggal 5 September 2019', '2018-11-15', 'Pengumuman Jadwal Posyandu Di majukan tanggal 5 September 2019. bertempat di posyandu karang Templek', 1),
(2, 'https://doktersehat.com/wp-content/uploads/2018/05/panduan-ibu-hamil-doktersehat-6-696x464.jpg', 'Panduan Kehamilan: Ciri, Nutrisi, Pantangan, Penyakit', '2019-08-20', 'Bisa cepat hamil dan punya anak tentunya menjadi impian para pasangan yang baru menikah. Tak jarang ada yang sudah membaca dan menerapkan panduan ibu hamil, namun belum berhasil.\r\n\r\nKhusus bagi pasangan baru, mungkin masih bingung mengenai bagaimana cara agar cepat hamil, program hamil sesuai jenis kelamin anak, hingga apa saja yang baik dan buruk bagi kandungan.\r\n\r\n', 0),
(3, 'https://cdn1-production-images-kly.akamaized.net/8TMPdki3co9xgABykKBaL5-BXuU=/680x383/smart/filters:quality(75):strip_icc():format(webp)/kly-media-production/medias/2535309/original/000817200_1544780699-agar-ibu-hamil-dan-janin-selalu-sehat-ini-20-tips-sehatnya.jpg', 'Agar Ibu Hamil dan Janin Selalu Sehat, Ini  Tips Sehatnya', '2019-08-20', 'Mom, apakah ini kehamilan pertama untuk kamu? Selamat atas kehamilannya dan semoga sehat selalu baik untuk Mom dan janin di kandungan ya. Bicara mengenai kehamilan dan kesehatan bumil maupun janin, tentunya ini tak boleh main-main. Kesehatan bumil dan janin yang kurang maksimal bisa membuat keduanya rentan mengalami berbagai risiko mengkhawatirkan saat persalinan atau pun selama kehamilan berlangsung. \r\n\r\nTak hanya untuk kehamilan pertama, menjaga kesehatan selama kehamilan juga penting dilakukan untuk kehamilan kedua, ketiga juga seterusnya. Agar ibu hamil dan janin selalu sehat, ada 25 tips yang penting dipahami mom. Apa saja tips tersebut? Simak yang berikut ini. \r\n\r\n\r\nKontrol kehamilan ke dokter tepat waktu. Jangan suka menunda-nunda untuk memeriksakan kehamilan dan kondisi mom maupun janin di dalam kandungan. Melakukan kontrol ini juga sebagai langkah mengetahui perkembangan serta pertumbuhan janin.\r\nLakukan olahraga ringan secara teratur. Selain menyehatkan, olahraga juga akan membuat mom lebih kuat saat melahirkan nanti. \r\nPastikan untuk memulai pola hidup yang lebih sehat. Hindari makanan berbahaya, merokok dan minum minuman bersoda atau beralkohol. \r\nPastikan untuk disiplin mengikuti anjuran dokter sehingga kandunganmu selalu sehat dan jauh dari berbagai masalah. \r\nUsahakan untuk mengonsumsi sayur dan buah segar dengan porsi cukup. Hindari makanan kalengan yang nutrisinya tak sebanyak pada makanan segar. \r\nCari tahu seputar kehamilan lewat buku atau browsing di internet. Jangan sungkan juga untuk menuruti nasehat orang. Meski begitu, jangan hanya mendengarkan apa yang dikatakan orang. Gali info seputar kehamilan lewat berbagai hal. \r\nHindari mengonsumsi sembarang obat kimia maupun obat tradisional tanpa konsultasi dengan dokter. Minumlah obat jika memang itu diperlukan dan atas anjuran dokter/bidan.\r\nJika kondisi mom lemah dan mudah jatuh sakit, mintalah resep tambahan atau multivitamin pada dokter dan bidan. ', 0),
(4, 'https://cdn0-production-images-kly.akamaized.net/1LkgWQ5FslY7hoN6xGMVkbVdwI8=/640x360/smart/filters:quality(75):strip_icc():format(webp)/kly-media-production/medias/2846272/original/050220100_1562395237-iStock-1150509788.jpg', 'Memenuhi Nutrisi Ibu Hamil yang Juga Masih Menyusui', '2019-08-20', 'Setiap ibu memiliki keputusan yang berbeda-beda. Beberapa di antaranya mungkin harus menjalani kehamilan kedua tatkala anak pertamanya masih membutuhkan asupan ASI.\r\n\r\nNamun, ibu hamil yang menyusui tak perlu khawatir. Saat mengalaminya, Anda pun tetap dapat menjalani kehamilannya dengan sehat, sembari memberikan nutrisi terbaik bagi balita lewat ASI.\r\nSalah satunya adalah dengan mencukupi nutrisi sang ibu. Memastikan asupan makanan ibu bernutrisi lengkap dan cukup jumlahnya, adalah kunci utama untuk memastikan seluruh proses dijalani dengan baik.\r\n\r\nYuk, ketahui nutrisi apa saja yang dibutuhkan oleh ibu hamil yang menyusui lewat penjelasan di bawah ini.\r\n\r\nTips untuk pemenuhan gizi ibu hamil saat harus menyusuiBila ibu tidak yakin dengan variasi makanan yang dikonsumsi, salah satu trik yang bisa dilakukan adalah dengan menambah suplementasi makanan. Hal ini untuk memastikan ibu tidak kekurangan berbagai nutrisi mikro (vitamin dan mineral).\r\n\r\nSuplementasi bisa dicapai dengan obat maupun lewat susu kehamilan. Konsultasikan terlebih dahulu mengenai keputusan Anda mengonsumsi suplemen makanan dengan dokter.', 0),
(5, 'https://hellosehat.com/wp-content/uploads/2016/07/yang-terjadi-di-masa-nifas-1024x683.jpg?x41489', 'Apa yang Terjadi Pada Tubuh Ibu Selama Masa Nifas?', '2019-08-20', 'Setelah berhasil melalui masa kehamilan dan melahirkan bayi, artinya sekarang Anda sudah berada di masa nifas. Bagi Anda yang baru pertama kali melahirkan atau sudah pernah melahirkan sebelumnya, masa nifas bisa menjadi waktu untuk memulihkan tubuh pasca persalinan. Penasaran sebenarnya apa saja, ya, yang terjadi selama waktu nifas ini? Mari simak ulasannya di sini.\r\n\r\nApa itu masa nifas?\r\n\r\nMasa nifas adalah masa yang dihitung sejak seorang ibu melahirkan, hingga 6 minggu setelah. Dengan kata lain, masa nifas biasanya memakan waktu selama kurang lebih 42 hari setelah Anda melahirkan bayi.\r\n\r\nEntah dengan metode melahirkan normal maupun operasi caesar. Selama dalam kurun waktu 6 miggu atau 42 hari pasca melahirkan ini, tubuh Anda mengalami berbagai perubahan.\r\n\r\nKhususnya pada organ-organ yang berperan dalam masa kehamilan dan melahirkan, seperti rahim, leher rahim (serviks), dan vagina. Pada waktu nifas ini, semua organ tersebut akan berangsung-angsur kembali seperti semula saat Anda belum hamil.', 0);

-- --------------------------------------------------------

--
-- Table structure for table `tbl_pengumuman_komentar`
--

CREATE TABLE `tbl_pengumuman_komentar` (
  `id` int(11) NOT NULL,
  `id_pengumuman` int(11) NOT NULL,
  `id_user` int(11) NOT NULL,
  `isi` mediumtext NOT NULL,
  `tanggal` date NOT NULL
) ENGINE=MyISAM DEFAULT CHARSET=latin1;

--
-- Dumping data for table `tbl_pengumuman_komentar`
--

INSERT INTO `tbl_pengumuman_komentar` (`id`, `id_pengumuman`, `id_user`, `isi`, `tanggal`) VALUES
(1, 1, 50, 'Test Komentar', '2018-11-16'),
(4, 1, 50, 'heeh', '2018-11-28'),
(6, 1, 15, 'oke', '2019-09-05'),
(8, 4, 12, 'yes', '2019-10-09'),
(9, 3, 45, 'test', '2019-10-10'),
(10, 5, 45, 'yyh', '2019-10-10');

-- --------------------------------------------------------

--
-- Table structure for table `tbl_surat_masuk`
--

CREATE TABLE `tbl_surat_masuk` (
  `id_surat` int(10) NOT NULL,
  `no_agenda` int(10) NOT NULL,
  `no_surat` varchar(50) NOT NULL,
  `asal_surat` varchar(250) NOT NULL,
  `isi` mediumtext NOT NULL,
  `kode` varchar(30) NOT NULL,
  `indeks` varchar(30) NOT NULL,
  `tgl_surat` date NOT NULL,
  `tgl_diterima` date NOT NULL,
  `file` varchar(250) NOT NULL,
  `keterangan` varchar(250) NOT NULL,
  `id_user` tinyint(2) NOT NULL,
  `id_kategori_surat_masuk` int(11) NOT NULL,
  `ditolak` tinyint(1) NOT NULL,
  `alasan_tolak` text NOT NULL,
  `latitude` varchar(50) NOT NULL,
  `longitude` varchar(50) NOT NULL
) ENGINE=InnoDB DEFAULT CHARSET=latin1;

--
-- Dumping data for table `tbl_surat_masuk`
--

INSERT INTO `tbl_surat_masuk` (`id_surat`, `no_agenda`, `no_surat`, `asal_surat`, `isi`, `kode`, `indeks`, `tgl_surat`, `tgl_diterima`, `file`, `keterangan`, `id_user`, `id_kategori_surat_masuk`, `ditolak`, `alasan_tolak`, `latitude`, `longitude`) VALUES
(6, 6, '', '', 'guu', '78', '7', '0000-00-00', '2019-07-07', '', 'uju', 2, 1, 0, '', '-8.155461', '113.7199462'),
(9, 9, '', '', 'subuh', '50', '30', '0000-00-00', '2019-09-05', '', 'sakit ngantuk', 15, 2, 0, '', '-8.1554559', '113.7199342');

-- --------------------------------------------------------

--
-- Table structure for table `tbl_surat_masuk_detail`
--

CREATE TABLE `tbl_surat_masuk_detail` (
  `id` int(11) NOT NULL,
  `id_surat` int(11) NOT NULL,
  `file` text NOT NULL
) ENGINE=MyISAM DEFAULT CHARSET=latin1;

--
-- Dumping data for table `tbl_surat_masuk_detail`
--

INSERT INTO `tbl_surat_masuk_detail` (`id`, `id_surat`, `file`) VALUES
(1, 0, 'http://simsurat.detikhost.com/file_surat_masuk/images/temp-1737877424.jpg'),
(2, 0, 'http://simsurat.detikhost.com/file_surat_masuk/images/temp-1737877424.jpg'),
(3, 0, 'http://simsurat.detikhost.com/file_surat_masuk/images/temp-1737877424.jpg'),
(4, 0, 'http://simsurat.detikhost.com/file_surat_masuk/images/temp-1282361854.jpg'),
(5, 0, 'http://simsurat.detikhost.com/file_surat_masuk/images/temp-1282361854.jpg'),
(6, 0, 'http://simsurat.detikhost.com/file_surat_masuk/images/temp-1444429039.jpg'),
(7, 0, 'http://simsurat.detikhost.com/file_surat_masuk/images/temp866058024.jpg'),
(8, 0, 'http://simsurat.detikhost.com/file_surat_masuk/images/temp1159325049.jpg'),
(9, 0, 'http://simsurat.detikhost.com/file_surat_masuk/images/temp-817119664.jpg'),
(10, 415, 'http://simsurat.detikhost.com/file_surat_masuk/images/temp-1145914968.jpg'),
(11, 430, 'http://simsurat.detikhost.com/file_surat_masuk/images/temp360665027.jpg'),
(12, 431, 'http://simsurat.detikhost.com/file_surat_masuk/images/temp-1781553733.jpg'),
(13, 432, 'http://simsurat.detikhost.com/file_surat_masuk/images/temp1718598433331638447.jpg'),
(14, 433, 'http://simsurat.detikhost.com/file_surat_masuk/images/temp9108823621680627068.jpg'),
(15, 434, 'http://simsurat.detikhost.com/file_surat_masuk/images/temp-386656394.jpg'),
(16, 435, 'http://simsurat.detikhost.com/file_surat_masuk/images/temp-127853675.jpg'),
(17, 436, 'http://simsurat.detikhost.com/file_surat_masuk/images/temp798282994.jpg'),
(18, 437, 'http://simsurat.detikhost.com/file_surat_masuk/images/temp-921000774.jpg'),
(19, 438, 'http://simsurat.detikhost.com/file_surat_masuk/images/temp694766013.jpg'),
(20, 439, 'http://simsurat.detikhost.com/file_surat_masuk/images/temp1312388484.jpg'),
(21, 440, 'http://simsurat.detikhost.com/file_surat_masuk/images/temp380001222.jpg'),
(22, 441, 'http://simsurat.detikhost.com/file_surat_masuk/images/temp1671526211.jpg'),
(23, 442, 'http://simsurat.detikhost.com/file_surat_masuk/images/temp738485831.jpg'),
(24, 443, 'http://simsurat.detikhost.com/file_surat_masuk/images/temp1623026946.jpg'),
(25, 444, 'http://simsurat.detikhost.com/file_surat_masuk/images/temp-979617726.jpg'),
(26, 445, 'http://simsurat.detikhost.com/file_surat_masuk/images/temp286376418.jpg'),
(27, 446, 'http://simsurat.detikhost.com/file_surat_masuk/images/temp1524364592.jpg'),
(28, 447, 'http://simsurat.detikhost.com/file_surat_masuk/images/temp-878844847.jpg'),
(29, 448, 'http://simsurat.detikhost.com/file_surat_masuk/images/temp-456445626.jpg'),
(30, 449, 'http://simsurat.detikhost.com/file_surat_masuk/images/temp1554548840.jpg'),
(31, 450, 'http://simsurat.detikhost.com/file_surat_masuk/images/temp-971984811.jpg'),
(32, 451, 'http://simsurat.detikhost.com/file_surat_masuk/images/temp1399521632.jpg'),
(33, 452, 'http://simsurat.detikhost.com/file_surat_masuk/images/temp1399521632.jpg'),
(34, 453, 'http://simsurat.detikhost.com/file_surat_masuk/images/temp1399521632.jpg'),
(35, 454, 'http://simsurat.detikhost.com/file_surat_masuk/images/temp-1489420868.jpg'),
(36, 455, 'http://simsurat.detikhost.com/file_surat_masuk/images/temp1599122241.jpg'),
(37, 456, 'http://simsurat.detikhost.com/file_surat_masuk/images/temp1234752499.jpg'),
(38, 457, 'http://simsurat.detikhost.com/file_surat_masuk/images/temp419014691.jpg'),
(39, 458, 'http://simsurat.detikhost.com/file_surat_masuk/images/temp1849893106.jpg'),
(40, 459, 'http://simsurat.detikhost.com/file_surat_masuk/images/temp1364496610.jpg'),
(41, 460, 'http://simsurat.detikhost.com/file_surat_masuk/images/temp-1249351921.jpg'),
(42, 1, 'http://simsurat.detikhost.com/file_surat_masuk/images/temp-2072747511.jpg'),
(43, 2, 'http://simsurat.detikhost.com/file_surat_masuk/images/temp180703953.jpg'),
(44, 3, 'http://simsurat.detikhost.com/file_surat_masuk/images/temp-1558988267.jpg'),
(45, 4, 'http://simsurat.detikhost.com/file_surat_masuk/images/temp-801848550.jpg'),
(46, 5, 'http://simsurat.detikhost.com/file_surat_masuk/images/temp1618230287.jpg'),
(47, 6, 'http://simsurat.detikhost.com/file_surat_masuk/images/temp-462055081.jpg'),
(48, 7, 'http://simsurat.detikhost.com/file_surat_masuk/images/temp1033207249.jpg'),
(49, 8, 'http://simsurat.detikhost.com/file_surat_masuk/images/temp1768978261.jpg'),
(50, 9, 'http://simsurat.detikhost.com/file_surat_masuk/images/temp-1557704793.jpg'),
(51, 10, 'http://simsurat.detikhost.com/file_surat_masuk/images/temp92732676.jpg'),
(52, 11, 'http://simsurat.detikhost.com/file_surat_masuk/images/temp693127045.jpg'),
(53, 12, 'http://simsurat.detikhost.com/file_surat_masuk/images/temp-230281984.jpg'),
(54, 1, 'http://simsurat.detikhost.com/file_surat_masuk/images/temp142398855.jpg'),
(55, 2, 'http://simsurat.detikhost.com/file_surat_masuk/images/temp-219481228.jpg'),
(56, 3, 'http://simsurat.detikhost.com/file_surat_masuk/images/temp-1971922426.jpg'),
(57, 4, 'http://simsurat.detikhost.com/file_surat_masuk/images/temp467118370.jpg'),
(58, 5, 'http://simsurat.detikhost.com/file_surat_masuk/images/temp-1579348678.jpg'),
(59, 6, 'http://simsurat.detikhost.com/file_surat_masuk/images/temp2137634062.jpg'),
(60, 7, 'http://simsurat.detikhost.com/file_surat_masuk/images/temp1076754523.jpg'),
(61, 1, 'http://simsurat.detikhost.com/file_surat_masuk/images/temp1498609680.jpg'),
(62, 2, 'http://simsurat.detikhost.com/file_surat_masuk/images/temp900824152.jpg'),
(63, 3, 'http://simsurat.detikhost.com/file_surat_masuk/images/temp409157023.jpg'),
(64, 4, 'http://simsurat.detikhost.com/file_surat_masuk/images/temp-800219461.jpg'),
(65, 5, 'http://simsurat.detikhost.com/file_surat_masuk/images/temp-490380436.jpg'),
(66, 6, 'http://simsurat.detikhost.com/file_surat_masuk/images/temp959806943.jpg'),
(67, 7, 'http://simsurat.detikhost.com/file_surat_masuk/images/temp-1492571002.jpg'),
(68, 8, 'http://simsurat.detikhost.com/file_surat_masuk/images/temp-602518101.jpg'),
(69, 9, 'http://simsurat.detikhost.com/file_surat_masuk/images/temp948924748.jpg'),
(70, 1, 'http://simsurat.detikhost.com/file_surat_masuk/images/temp1525840857.jpg'),
(71, 2, 'http://simsurat.detikhost.com/file_surat_masuk/images/temp1682423748.jpg'),
(72, 3, 'http://simsurat.detikhost.com/file_surat_masuk/images/temp399991168.jpg'),
(73, 4, 'http://simsurat.detikhost.com/file_surat_masuk/images/temp1235334052.jpg'),
(74, 5, 'http://simsurat.detikhost.com/file_surat_masuk/images/temp-1256489220.jpg'),
(75, 6, 'http://simsurat.detikhost.com/file_surat_masuk/images/temp64020356.jpg'),
(76, 7, 'http://simsurat.detikhost.com/file_surat_masuk/images/temp1468699692.jpg'),
(77, 8, 'http://simsurat.detikhost.com/file_surat_masuk/images/temp-1210732007.jpg'),
(78, 9, 'http://simsurat.detikhost.com/file_surat_masuk/images/temp2182589817053352677.jpg'),
(79, 11, 'http://sipter.kreatindo.com/assets/file_bantuan/temp-85213544.jpg'),
(80, 12, 'http://sipter.kreatindo.com/assets/file_bantuan/temp-85213544.jpg');

-- --------------------------------------------------------

--
-- Table structure for table `tb_akses`
--

CREATE TABLE `tb_akses` (
  `id_akses` int(12) UNSIGNED NOT NULL,
  `label` varchar(50) NOT NULL,
  `level_akses` varchar(15) NOT NULL
) ENGINE=MyISAM DEFAULT CHARSET=latin1;

--
-- Dumping data for table `tb_akses`
--

INSERT INTO `tb_akses` (`id_akses`, `label`, `level_akses`) VALUES
(1, 'admin', 'Administrator'),
(2, 'Admin_puskesmas', 'Admin_puskesmas'),
(3, 'Bidan', 'Bidan'),
(4, 'Kader', 'Kader');

-- --------------------------------------------------------

--
-- Table structure for table `tb_bayi_balita`
--

CREATE TABLE `tb_bayi_balita` (
  `id_bayi_balita` int(20) UNSIGNED NOT NULL,
  `id_master_pus` varchar(50) NOT NULL,
  `nama_bayi` varchar(50) NOT NULL,
  `nama_ibu` varchar(50) NOT NULL,
  `tanggal_lahir` text NOT NULL,
  `kota` varchar(100) NOT NULL,
  `tempat_lahir` varchar(100) NOT NULL,
  `jenis_kelamin` int(10) NOT NULL,
  `berat_badan` varchar(50) NOT NULL,
  `tinggi_badan` varchar(200) NOT NULL,
  `lingkar_kepala` varchar(50) NOT NULL,
  `lingkar_dada` varchar(50) NOT NULL,
  `imunisasi_imd` int(11) NOT NULL,
  `foto` varchar(200) NOT NULL
) ENGINE=MyISAM DEFAULT CHARSET=latin1;

--
-- Dumping data for table `tb_bayi_balita`
--

INSERT INTO `tb_bayi_balita` (`id_bayi_balita`, `id_master_pus`, `nama_bayi`, `nama_ibu`, `tanggal_lahir`, `kota`, `tempat_lahir`, `jenis_kelamin`, `berat_badan`, `tinggi_badan`, `lingkar_kepala`, `lingkar_dada`, `imunisasi_imd`, `foto`) VALUES
(46, '8', 'Nadia Karimatus salsabila', 'Hilda Rosmalia', '2019-12-01', 'jember', '4', 2, '3000', '51', '', '', 1, 'bayi.jpg');

-- --------------------------------------------------------

--
-- Table structure for table `tb_history_kontrasepsi`
--

CREATE TABLE `tb_history_kontrasepsi` (
  `id_history_kontrasepsi` int(11) NOT NULL,
  `id_master_pus` int(11) NOT NULL,
  `tanggal` date NOT NULL,
  `id_kontrasepsi` int(11) NOT NULL,
  `status` int(11) NOT NULL
) ENGINE=MyISAM DEFAULT CHARSET=latin1;

--
-- Dumping data for table `tb_history_kontrasepsi`
--

INSERT INTO `tb_history_kontrasepsi` (`id_history_kontrasepsi`, `id_master_pus`, `tanggal`, `id_kontrasepsi`, `status`) VALUES
(1, 1, '2019-12-11', 1, 1),
(2, 54, '2019-12-15', 3, 1),
(3, 54, '2019-12-04', 2, 1),
(4, 54, '2019-12-11', 4, 1),
(5, 54, '2019-12-27', 5, 1),
(6, 54, '2019-12-12', 1, 1),
(7, 54, '2019-12-12', 1, 1);

-- --------------------------------------------------------

--
-- Table structure for table `tb_ibu_hamil`
--

CREATE TABLE `tb_ibu_hamil` (
  `id_ibu_hamil` int(20) UNSIGNED NOT NULL,
  `tanggal` date NOT NULL,
  `id_master_pus` int(11) NOT NULL,
  `berat` varchar(50) NOT NULL,
  `umur_kehamilan` varchar(50) NOT NULL,
  `vit_a` varchar(10) NOT NULL,
  `pil_darah` varchar(10) NOT NULL,
  `imunisasi_tt` varchar(10) NOT NULL,
  `catatan` text DEFAULT NULL,
  `lila` varchar(20) NOT NULL,
  `hamil_ke` varchar(10) NOT NULL,
  `tanggal_daftar` timestamp NOT NULL DEFAULT current_timestamp() ON UPDATE current_timestamp()
) ENGINE=MyISAM DEFAULT CHARSET=latin1;

--
-- Dumping data for table `tb_ibu_hamil`
--

INSERT INTO `tb_ibu_hamil` (`id_ibu_hamil`, `tanggal`, `id_master_pus`, `berat`, `umur_kehamilan`, `vit_a`, `pil_darah`, `imunisasi_tt`, `catatan`, `lila`, `hamil_ke`, `tanggal_daftar`) VALUES
(1, '2019-09-04', 1, '3000', '3', '1', '0', '1', 'catan', '34', '1', '2019-03-04 07:06:23'),
(2, '2019-09-04', 4, '5600', '2', '1', '1', '0', 'ibu', '34', '1', '2019-09-30 07:06:23'),
(3, '2019-09-04', 2, '4700', '4', '1', '0', '1', 'ff', '21', '1', '2018-01-08 07:06:23'),
(4, '2019-09-05', 1, '450', '5', '1', '1', '0', 'catatan inu', '30', '1', '2017-07-10 07:06:23'),
(5, '2019-09-05', 1, '3000', '4', '1', '1', '1', 'cttt', '34', '1', '2019-06-03 07:06:23'),
(6, '2019-09-05', 0, '5000', '', '1', '1', '1', '', '34', '1', '2019-01-21 07:06:23'),
(7, '2019-09-05', 4, '3000', '4', '1', '0', '0', 'cAA', '34', '1', '2019-07-15 07:06:23'),
(8, '2019-09-05', 1, '6700', '10', '1', '0', '1', 'cataan', '1', '1', '2018-10-09 07:06:23'),
(9, '2019-09-17', 1, '400', '4', '1', '1', '1', 'caatan', '34', '1', '2019-08-06 07:06:23'),
(10, '2019-09-17', 14, '4', '3', '1', '1', '1', 'catatan', '30', '2', '2019-04-30 07:06:23'),
(11, '2019-09-17', 14, '67', '16', '1', '1', '1', 'liLA &lt; 23,5', '25', '2', '2019-01-20 07:06:23'),
(12, '2019-09-22', 1, '3', '2', 'undefined', '12', '1', 'caaa', '34', '1', '2019-01-08 07:06:23'),
(13, '2019-09-26', 0, '3000', 'undefined', 'undefined', '', '1', '', 'undefined', 'undefined', '2019-02-04 07:06:23'),
(14, '2019-09-30', 0, '12 kg', 'undefined', 'undefined', '2', '1', 'aman', 'undefined', 'undefined', '2019-02-03 07:06:23'),
(15, '2019-09-30', 0, '12 kg', 'undefined', 'undefined', '2', '1', 'aman', 'undefined', 'undefined', '2016-09-11 07:06:23'),
(16, '2019-10-01', 12, '50', '34', 'undefined', '12', '1', 'segera ke puskesmas', '23.1', '1', '2019-09-30 23:01:02'),
(17, '0000-00-00', 4, '50', '5', 'undefined', '12', '1', '', '10', '1', '2019-10-01 03:16:49'),
(18, '0000-00-00', 4, '10', '10', 'undefined', '10', '1', 'ini baru', '10', '3', '2019-10-01 03:18:49'),
(19, '0000-00-00', 4, '30', '30', 'undefined', '30', '1', '', '30', '3', '2019-10-01 03:21:29'),
(20, '2019-08-06', 5, '10', '10', 'undefined', '10', '1', 'ini baru', '10', '1', '2019-10-01 03:24:59'),
(21, '0000-00-00', 5, '100', '100', 'undefined', '100', '1', 'terbaru', '100', '1', '2019-10-01 03:27:13'),
(22, '0000-00-00', 5, '100', '100', 'undefined', '100', '1', '100000', '100', '10', '2019-10-01 03:27:56'),
(23, '2019-11-03', 30, '54', '25', 'undefined', '30', '1', '', '25', '1', '2019-10-03 07:04:28'),
(24, '2019-10-03', 27, '50', '20', 'undefined', '20', '0', '', '25', '1', '2019-10-03 07:04:54'),
(25, '2019-10-03', 7, '50', '34', 'undefined', '30', '1', 'rajin makan sehat', '23', '1', '2019-10-03 07:05:53'),
(26, '2019-10-03', 28, '70', '4', 'undefined', '25', '1', '', '26', '5', '2019-10-03 07:06:10'),
(27, '2019-10-03', 28, '70', '4', 'undefined', '25', '1', '', '26', '5', '2019-10-03 07:06:10'),
(28, '2019-10-03', 28, '70', '4', 'undefined', '25', '1', '', '26', '5', '2019-10-03 07:06:23'),
(29, '2019-10-03', 28, '70', '4', 'undefined', '25', '1', '', '26', '5', '2019-10-03 07:06:23'),
(30, '2019-10-03', 28, '60', '14', 'undefined', '30', '1', '', '30', '1', '2019-10-03 07:11:10'),
(31, '2019-10-03', 28, '60', '14', 'undefined', '30', '1', '', '30', '1', '2019-10-03 07:11:42'),
(32, '2019-10-03', 28, '60', '14', 'undefined', '30', '1', '', '30', '1', '2019-10-03 07:11:47'),
(33, '2019-10-03', 27, '64', '25', 'undefined', '10', '1', '', '24', '2', '2019-10-03 07:14:23'),
(34, '2019-10-03', 28, '45', '40', 'undefined', '45', '1', '', '25', '2', '2019-10-03 07:17:03'),
(35, '2019-10-03', 32, '70', '16', 'undefined', '25', '1', '', '30', '3', '2019-10-03 07:18:27'),
(36, '2019-10-03', 32, '70', '16', 'undefined', '25', '1', '', '30', '3', '2019-10-03 07:28:03'),
(37, '2019-10-03', 33, '63', '4', 'undefined', '20', '1', '', '27', '3', '2019-10-03 07:40:10'),
(38, '2019-10-09', 46, '', '', 'undefined', '', '1', '', '', '1', '2019-10-10 11:57:19'),
(39, '2019-10-08', 46, '67', '22', 'undefined', '12', '1', '1', '25', '1', '2019-10-10 11:58:11'),
(40, '2019-09-03', 1, '55', '5', 'undefined', '12', '1', 'catatan', '20', '1', '2019-10-13 09:30:51'),
(41, '2019-07-30', 0, '16', 'undefined', 'undefined', '14', '1', 'catatan', 'undefined', 'undefined', '2019-10-13 09:48:46'),
(42, '2019-10-14', 27, '56', '37', 'undefined', '10', '1', 'catatan', '27', '1', '2019-10-13 20:50:19'),
(43, '2019-10-01', 36, '55', '4', 'undefined', '12', '1', 'catatan', '30', '1', '2019-10-14 22:16:53'),
(44, '2019-10-15', 0, '24', 'undefined', 'undefined', '14', '1', 'ggg', 'undefined', 'undefined', '2019-10-14 22:44:22'),
(45, '2019-09-29', 0, '24', 'undefined', 'undefined', '11', '1', 'ibu', 'undefined', 'undefined', '2019-10-14 23:21:18'),
(46, '2019-10-19', 37, '67', '39', 'undefined', '12', '1', 'okeh', '25', '1', '2019-10-19 06:37:34'),
(47, '2019-09-30', 39, '60', '45', 'undefined', '30', '1', 'Silahkan', '23', '1', '2019-10-31 06:58:28'),
(48, '2019-10-31', 0, '60', '15', 'undefined', '-', '0', '', '25', '1', '2019-10-31 07:02:23'),
(49, '2019-10-31', 40, '71', '5', 'undefined', '30', '1', '', '33', '1', '2019-10-31 07:07:07'),
(50, '2019-10-31', 42, '48', '12', 'undefined', '30', '0', 'mual dan pusing', '26', '1', '2019-10-31 07:09:54'),
(51, '2019-10-31', 34, '60', '4', 'undefined', '20', '1', '', '25', '3', '2019-10-31 07:11:06'),
(52, '2019-10-31', 46, '80', '30', 'undefined', '50', '1', '', '30', '3', '2019-10-31 07:17:19'),
(53, '2019-10-31', 46, '80', '30', 'undefined', '50', '1', '', '30', '3', '2019-10-31 07:17:20'),
(54, '2019-11-30', 45, '60', '15', 'undefined', '50', '1', '', '25', '3', '2019-10-31 07:19:30'),
(55, '2019-10-31', 10, '50', '20', 'undefined', '20', '1', '', '20', '1', '2019-10-31 07:19:57'),
(56, '2019-11-21', 4, '65', '23', 'undefined', '12', '0', '', '26', '1', '2019-11-21 11:58:52'),
(57, '2019-11-22', 41, '70', '5', 'undefined', '30', '1', '', '33', '2', '2019-11-22 08:06:35'),
(59, '2020-01-03', 55, '55', '1', 'undefined', '12', '0', '', '34', '1', '2019-12-02 21:33:10'),
(60, '2019-12-17', 54, '58', '6', 'undefined', '30', '1', '', '24', '1', '2019-12-17 04:09:10'),
(61, '2019-10-02', 1, '56', '4', 'undefined', '3', 'Tidak', 'catatan', '45', '1', '2020-01-02 13:52:38'),
(62, '2020-01-10', 1, '58', '5', 'undefined', '1', 'T1', 'catatan', '47', '1', '2020-01-02 13:53:24');

-- --------------------------------------------------------

--
-- Table structure for table `tb_ibu_nifas`
--

CREATE TABLE `tb_ibu_nifas` (
  `id_ibu_nifas` int(20) UNSIGNED NOT NULL,
  `tanggal` date NOT NULL,
  `id_master_pus` int(11) NOT NULL,
  `berat` varchar(50) NOT NULL,
  `vit_a` varchar(10) NOT NULL,
  `catatan` text DEFAULT NULL,
  `tanggal_daftar` timestamp NOT NULL DEFAULT current_timestamp() ON UPDATE current_timestamp()
) ENGINE=MyISAM DEFAULT CHARSET=latin1;

--
-- Dumping data for table `tb_ibu_nifas`
--

INSERT INTO `tb_ibu_nifas` (`id_ibu_nifas`, `tanggal`, `id_master_pus`, `berat`, `vit_a`, `catatan`, `tanggal_daftar`) VALUES
(1, '2019-09-04', 1, '3000', '1', 'catan', '2019-03-04 07:06:23'),
(2, '2019-09-04', 4, '5600', '1', 'ibu', '2019-09-30 07:06:23'),
(3, '2019-09-04', 2, '4700', '1', 'ff', '2018-01-08 07:06:23'),
(4, '2019-09-05', 1, '450', '1', 'catatan inu', '2017-07-10 07:06:23'),
(5, '2019-09-05', 1, '3000', '1', 'cttt', '2019-06-03 07:06:23'),
(6, '2019-09-05', 0, '5000', '1', '', '2019-01-21 07:06:23'),
(7, '2019-09-05', 4, '3000', '1', 'cAA', '2019-07-15 07:06:23'),
(8, '2019-09-05', 1, '6700', '1', 'cataan', '2018-10-09 07:06:23'),
(9, '2019-09-17', 1, '400', '1', 'caatan', '2019-08-06 07:06:23'),
(10, '2019-09-17', 14, '4', '1', 'catatan', '2019-04-30 07:06:23'),
(11, '2019-09-17', 14, '67', '1', 'liLA &lt; 23,5', '2019-01-20 07:06:23'),
(12, '2019-09-22', 1, '3', 'undefined', 'caaa', '2019-01-08 07:06:23'),
(13, '2019-09-26', 0, '3000', 'undefined', '', '2019-02-04 07:06:23'),
(14, '2019-09-30', 0, '12 kg', 'undefined', 'aman', '2019-02-03 07:06:23'),
(15, '2019-09-30', 0, '12 kg', 'undefined', 'aman', '2016-09-11 07:06:23'),
(16, '2019-10-01', 12, '50', 'undefined', 'segera ke puskesmas', '2019-09-30 23:01:02'),
(17, '0000-00-00', 4, '50', 'undefined', '', '2019-10-01 03:16:49'),
(18, '0000-00-00', 4, '10', 'undefined', 'ini baru', '2019-10-01 03:18:49'),
(19, '0000-00-00', 4, '30', 'undefined', '', '2019-10-01 03:21:29'),
(20, '2019-08-06', 5, '10', 'undefined', 'ini baru', '2019-10-01 03:24:59'),
(21, '0000-00-00', 5, '100', 'undefined', 'terbaru', '2019-10-01 03:27:13'),
(22, '0000-00-00', 5, '100', 'undefined', '100000', '2019-10-01 03:27:56'),
(23, '2019-11-03', 30, '54', 'undefined', '', '2019-10-03 07:04:28'),
(24, '2019-10-03', 27, '50', 'undefined', '', '2019-10-03 07:04:54'),
(25, '2019-10-03', 7, '50', 'undefined', 'rajin makan sehat', '2019-10-03 07:05:53'),
(26, '2019-10-03', 28, '70', 'undefined', '', '2019-10-03 07:06:10'),
(27, '2019-10-03', 28, '70', 'undefined', '', '2019-10-03 07:06:10'),
(28, '2019-10-03', 28, '70', 'undefined', '', '2019-10-03 07:06:23'),
(29, '2019-10-03', 28, '70', 'undefined', '', '2019-10-03 07:06:23'),
(30, '2019-10-03', 28, '60', 'undefined', '', '2019-10-03 07:11:10'),
(31, '2019-10-03', 28, '60', 'undefined', '', '2019-10-03 07:11:42'),
(32, '2019-10-03', 28, '60', 'undefined', '', '2019-10-03 07:11:47'),
(33, '2019-10-03', 27, '64', 'undefined', '', '2019-10-03 07:14:23'),
(34, '2019-10-03', 28, '45', 'undefined', '', '2019-10-03 07:17:03'),
(35, '2019-10-03', 32, '70', 'undefined', '', '2019-10-03 07:18:27'),
(36, '2019-10-03', 32, '70', 'undefined', '', '2019-10-03 07:28:03'),
(37, '2019-10-03', 33, '63', 'undefined', '', '2019-10-03 07:40:10'),
(38, '2019-10-09', 46, '', 'undefined', '', '2019-10-10 11:57:19'),
(39, '2019-10-08', 46, '67', 'undefined', '1', '2019-10-10 11:58:11'),
(40, '2019-09-03', 1, '55', 'undefined', 'catatan', '2019-10-13 09:30:51'),
(41, '2019-07-30', 0, '16', 'undefined', 'catatan', '2019-10-13 09:48:46'),
(42, '2019-10-14', 27, '56', 'undefined', 'catatan', '2019-10-13 20:50:19'),
(43, '2019-10-01', 36, '55', 'undefined', 'catatan', '2019-10-14 22:16:53'),
(44, '2019-10-15', 0, '24', 'undefined', 'ggg', '2019-10-14 22:44:22'),
(45, '2019-09-29', 0, '24', 'undefined', 'ibu', '2019-10-14 23:21:18'),
(46, '2019-10-19', 37, '67', 'undefined', 'okeh', '2019-10-19 06:37:34'),
(47, '2019-09-30', 39, '60', 'undefined', 'Silahkan', '2019-10-31 06:58:28'),
(48, '2019-10-31', 0, '60', 'undefined', '', '2019-10-31 07:02:23'),
(49, '2019-10-31', 40, '71', 'undefined', '', '2019-10-31 07:07:07'),
(50, '2019-10-31', 42, '48', 'undefined', 'mual dan pusing', '2019-10-31 07:09:54'),
(51, '2019-10-31', 34, '60', 'undefined', '', '2019-10-31 07:11:06'),
(52, '2019-10-31', 46, '80', 'undefined', '', '2019-10-31 07:17:19'),
(53, '2019-10-31', 46, '80', 'undefined', '', '2019-10-31 07:17:20'),
(54, '2019-11-30', 45, '60', 'undefined', '', '2019-10-31 07:19:30'),
(55, '2019-10-31', 10, '50', 'undefined', '', '2019-10-31 07:19:57'),
(56, '2019-11-21', 4, '65', 'undefined', '', '2019-11-21 11:58:52'),
(57, '2019-11-22', 41, '70', 'undefined', '', '2019-11-22 08:06:35'),
(59, '2020-01-03', 55, '55', 'undefined', '', '2019-12-02 21:33:10'),
(60, '2019-12-17', 54, '58', 'undefined', '', '2019-12-17 04:09:10'),
(61, '2019-10-02', 1, '56', 'undefined', 'catatan', '2020-01-02 13:52:38'),
(62, '2020-01-10', 1, '58', 'undefined', 'catatan', '2020-01-02 13:53:24');

-- --------------------------------------------------------

--
-- Table structure for table `tb_imunisasi`
--

CREATE TABLE `tb_imunisasi` (
  `id_imunisasi` int(11) NOT NULL,
  `imunisasi` varchar(50) NOT NULL
) ENGINE=MyISAM DEFAULT CHARSET=latin1;

--
-- Dumping data for table `tb_imunisasi`
--

INSERT INTO `tb_imunisasi` (`id_imunisasi`, `imunisasi`) VALUES
(1, 'HB 0'),
(2, 'BCG'),
(3, 'POLIO'),
(4, 'DPT-HB 1'),
(5, 'POLIO 2'),
(6, 'DPT-HB 2'),
(7, 'POLIO 3'),
(8, 'DPT HB 3'),
(9, 'POLIO 4'),
(10, 'IPV'),
(11, 'CAMPAK'),
(0, 'Tidak Imunisasi');

-- --------------------------------------------------------

--
-- Table structure for table `tb_kategori_surat_masuk`
--

CREATE TABLE `tb_kategori_surat_masuk` (
  `id_kategori_surat_masuk` int(11) NOT NULL,
  `kategori` varchar(200) NOT NULL
) ENGINE=MyISAM DEFAULT CHARSET=latin1;

--
-- Dumping data for table `tb_kategori_surat_masuk`
--

INSERT INTO `tb_kategori_surat_masuk` (`id_kategori_surat_masuk`, `kategori`) VALUES
(1, 'Sedang'),
(2, 'Kritis');

-- --------------------------------------------------------

--
-- Table structure for table `tb_kontrasepsi`
--

CREATE TABLE `tb_kontrasepsi` (
  `id_kontrasepsi` int(11) NOT NULL,
  `kontrasepsi` varchar(100) NOT NULL
) ENGINE=MyISAM DEFAULT CHARSET=latin1;

--
-- Dumping data for table `tb_kontrasepsi`
--

INSERT INTO `tb_kontrasepsi` (`id_kontrasepsi`, `kontrasepsi`) VALUES
(1, 'Pil'),
(2, 'Suntik'),
(3, 'Implant'),
(4, 'IUD'),
(5, 'Kondom'),
(6, 'Tidak Memakai Kontrasepsi');

-- --------------------------------------------------------

--
-- Table structure for table `tb_kunjungan_bayi_balita`
--

CREATE TABLE `tb_kunjungan_bayi_balita` (
  `id_kunjungan_bayi_balita` int(11) NOT NULL,
  `id_bayi_balita` int(11) NOT NULL,
  `bb_bayi` varchar(100) NOT NULL,
  `tinggi` varchar(100) NOT NULL,
  `status_gizi` varchar(100) NOT NULL,
  `pil_darah` int(11) NOT NULL,
  `makanan_tambahan` int(11) NOT NULL,
  `asi_ekslusif` varchar(100) NOT NULL,
  `imunisasi` varchar(100) NOT NULL,
  `tanggal_kunjungan` date NOT NULL,
  `catatan` text NOT NULL
) ENGINE=MyISAM DEFAULT CHARSET=latin1;

--
-- Dumping data for table `tb_kunjungan_bayi_balita`
--

INSERT INTO `tb_kunjungan_bayi_balita` (`id_kunjungan_bayi_balita`, `id_bayi_balita`, `bb_bayi`, `tinggi`, `status_gizi`, `pil_darah`, `makanan_tambahan`, `asi_ekslusif`, `imunisasi`, `tanggal_kunjungan`, `catatan`) VALUES
(1, 1, '12', '12', 'oke', 1, 1, '', 'RABIES', '2019-07-09', 'Ken nothing'),
(2, 9, '2700', '1oo', 'GIZI LEBIH', 12, 1, '', 'tt', '2019-10-03', ''),
(3, 9, '2900', '1oo', 'GIZI LEBIH', 12, 1, '', 'tt', '2019-10-03', ''),
(4, 9, '3200', '1oo', 'GIZI LEBIH', 12, 1, '', 'tt', '2019-10-03', ''),
(5, 9, '3800', '1oo', 'baik', 0, 1, '', 'tt', '2019-10-03', ''),
(6, 9, '4200', '1oo', 'GIZI LEBIH', 12, 1, '', 'tt', '2019-10-03', '34'),
(7, 16, '3000', '50', 'GIZI BURUK', 14, 1, '', 'BCG', '2019-07-01', 'catatan '),
(8, 16, '3300', '50', 'GIZI BAIK', 14, 1, '', 'BCG', '2018-09-28', 'catatan'),
(9, 16, '4000', '50', 'GIZI BURUK', 14, 1, '', 'BCG', '2019-10-13', 'ddd'),
(10, 24, '3000', '50', 'GIZI BURUK', 14, 1, '', 'BCG', '2019-10-13', 'ccc'),
(11, 0, '5000', 'undefined', 'GIZI LEBIH', 14, 0, '', 'BCG', '2019-10-15', 'bb'),
(12, 24, '3000', 'undefined', 'GIZI BURUK', 14, 1, '', 'BCG', '2019-10-16', 'f'),
(13, 24, '4500', '52', 'GIZI BURUK', 14, 0, '', 'BCG', '2019-10-15', 'fff'),
(14, 9, '5200', '60', 'Baik', 12, 1, '', 'BCG', '2019-10-19', 'catatan'),
(15, 25, '7000', '1oo', '', 1, 1, '', 'tt', '2019-10-18', ''),
(16, 25, '7000', '90', 'status gizi anak kurang', 1, 1, '', 'Tidak Imunisasi', '2019-10-21', ''),
(17, 16, '3000', '100', 'status gizi anak normal', 1, 1, '', 'Tidak Imunisasi', '2019-10-31', ''),
(18, 26, '7000', '100', 'status gizi anak kurang', 1, 1, '', 'Tidak Imunisasi', '2019-10-28', ''),
(19, 28, '6000', '120', 'Baik', 0, 1, '', 'Tidak Imunisasi', '2019-10-31', 'Perbanyak asi'),
(20, 32, '16000', '80', '', 10, 1, '', 'Tidak Imunisasi', '2019-03-05', ''),
(21, 26, '8000', '30', '', 0, 1, '', 'Tidak Imunisasi', '2019-10-31', ''),
(22, 31, '8000', '75', 'status gizi anak kurang', 0, 1, '', 'Tidak Imunisasi', '2019-10-14', ''),
(23, 28, '11000', '99', '', 0, 1, '', 'Tidak Imunisasi', '2019-09-30', ''),
(46, 30, '233', '233', 'status gizi anak buruk', 1, 0, '', 'Tidak Imunisasi', '2019-11-27', ''),
(25, 28, '120000', '110', '', 1, 1, '', 'Tidak Imunisasi', '2019-08-30', ''),
(26, 38, '5000', '55', 'status gizi anak normal', 0, 0, '', 'Tidak Imunisasi', '2019-09-06', ''),
(27, 38, '5800', '56', 'status gizi anak normal', 3, 0, '', 'Tidak Imunisasi', '2019-07-06', ''),
(28, 39, '11000', '70', 'status gizi anak normal', 3, 1, '', 'Tidak Imunisasi', '2019-11-07', ''),
(29, 38, '6400', '58', 'status gizi anak normal', 0, 0, '', 'Tidak Imunisasi', '2019-08-06', ''),
(30, 38, '6900', '60', 'status gizi anak normal', 0, 0, '', 'Tidak Imunisasi', '2019-09-06', ''),
(31, 38, '7500', '63', 'status gizi anak normal', 0, 0, '', 'Tidak Imunisasi', '2019-10-06', ''),
(32, 38, '7800', '66', 'status gizi anak normal', 0, 1, '', 'Tidak Imunisasi', '2019-10-06', ''),
(33, 38, '7800', '66', 'status gizi anak normal', 0, 1, '', 'Tidak Imunisasi', '2019-10-06', ''),
(34, 41, '8500', '54', 'status gizi anak normal', 3, 1, '', 'Tidak Imunisasi', '2019-07-15', 'anak dalam keadaan sakit'),
(35, 30, '9000', '75', 'status gizi anak normal', 0, 1, '', 'POLIO 2, DPT-HB 2, POLIO 3', '2019-10-31', ''),
(36, 41, '8450', '55', 'status gizi anak normal', 8, 1, '', 'Tidak Imunisasi', '2019-09-15', ''),
(37, 41, '8700', '57', '', 0, 1, '', 'Tidak Imunisasi', '2019-10-15', ''),
(39, 30, '9050', '80', 'status gizi anak normal', 0, 1, '', 'Tidak Imunisasi', '2019-12-31', ''),
(40, 41, '8800', '57', 'status gizi anak normal', 0, 1, '', 'Tidak Imunisasi', '2019-11-02', ''),
(41, 41, '8900', '60', 'status gizi anak normal', 14, 0, '', 'Tidak Imunisasi', '2019-11-11', 'catatan'),
(42, 41, '8000', '105', 'status gizi anak normal', 0, 1, '', 'Tidak Imunisasi', '2019-11-16', 'mau imunisasi'),
(43, 41, '7000', '105', 'status gizi anak kurang', 12, 1, '', 'Tidak Imunisasi', '2019-11-21', ''),
(44, 32, '9000', '90', '', 0, 1, '', 'Tidak Imunisasi', '2019-11-06', ''),
(45, 32, '2100', '95', '', 0, 0, '', 'Tidak Imunisasi', '2019-11-22', ''),
(52, 30, '50000', '1231231', 'status gizi anak lebih', 1, 1, '', 'Tidak Imunisasi', '2019-11-30', ''),
(50, 30, '155', '155', 'status gizi anak buruk', 155, 1, '', 'IPV, CAMPAK', '2019-11-29', ''),
(55, 30, '12333', '11111', 'status gizi anak normal', 11111, 0, '', 'Tidak Imunisasi', '2020-04-02', ''),
(56, 43, '3400', '55', 'status gizi anak normal', 3, 1, 'A06', 'POLIO, DPT-HB 1', '2019-12-02', ''),
(57, 43, '122', '122', 'status gizi anak buruk', 12, 0, 'A04, A05', 'POLIO 2, DPT-HB 2', '2019-12-09', ''),
(58, 43, '3400', '55', 'status gizi anak normal', 3, 1, 'undefined', 'undefined', '2019-12-02', 'catatan'),
(59, 46, '3400', '55', 'status gizi anak normal', 0, 1, 'undefined', 'undefined', '2019-12-21', 'catatan'),
(60, 42, '8000', '120', '', 0, 1, 'undefined', 'undefined', '2019-12-12', 'Coba'),
(61, 41, '4000', '100', 'status gizi anak buruk', 30, 1, 'undefined', 'undefined', '2019-12-12', ''),
(0, 46, '8000', '90', 'status gizi anak lebih', 1, 1, 'undefined', 'undefined', '2020-01-15', '');

-- --------------------------------------------------------

--
-- Table structure for table `tb_master_fasilitas`
--

CREATE TABLE `tb_master_fasilitas` (
  `id_master_fasilitas` int(11) NOT NULL,
  `id_posyandu` int(11) NOT NULL,
  `nama_fasilitas` varchar(100) NOT NULL,
  `alamat` text NOT NULL,
  `foto` varchar(100) NOT NULL,
  `latitude` varchar(100) NOT NULL,
  `longitude` varchar(100) NOT NULL
) ENGINE=MyISAM DEFAULT CHARSET=latin1;

--
-- Dumping data for table `tb_master_fasilitas`
--

INSERT INTO `tb_master_fasilitas` (`id_master_fasilitas`, `id_posyandu`, `nama_fasilitas`, `alamat`, `foto`, `latitude`, `longitude`) VALUES
(1, 1, 'RS.Umum Daerah dr.Soekardjo', 'undefined', 'RS Sentosa.JPG', '-7.048589', '107.759908');

-- --------------------------------------------------------

--
-- Table structure for table `tb_master_info`
--

CREATE TABLE `tb_master_info` (
  `id_master_info` int(11) NOT NULL,
  `id_posyandu` int(11) NOT NULL,
  `tanggal_posting` date NOT NULL,
  `judul` varchar(100) NOT NULL,
  `isi` text NOT NULL,
  `foto` varchar(100) NOT NULL
) ENGINE=InnoDB DEFAULT CHARSET=latin1;

--
-- Dumping data for table `tb_master_info`
--

INSERT INTO `tb_master_info` (`id_master_info`, `id_posyandu`, `tanggal_posting`, `judul`, `isi`, `foto`) VALUES
(40, 1, '2019-09-22', 'Info imunisasi tetanus', 'Info imunisasi tetanus', 'Ini-Alasan-Seberapa-Penting-Imunisasi-Campak.png'),
(41, 1, '2019-09-22', 'Info imunisasi tetanus', 'Info imunisasi tetanus', 'Ini-Alasan-Seberapa-Penting-Imunisasi-Campak.png'),
(43, 1, '2019-10-13', 'Kesehatan Ibu Hamil', 'Kesehatan Ibu Hamil', 'susanto.png');

-- --------------------------------------------------------

--
-- Table structure for table `tb_master_posyandu`
--

CREATE TABLE `tb_master_posyandu` (
  `id_posyandu` int(11) NOT NULL,
  `id_kabupaten` varchar(50) NOT NULL,
  `id_kecamatan` varchar(50) NOT NULL,
  `id_desa` varchar(50) NOT NULL,
  `nama_posyandu` varchar(50) NOT NULL,
  `alamat` text NOT NULL,
  `kontak` varchar(50) NOT NULL
) ENGINE=InnoDB DEFAULT CHARSET=latin1;

--
-- Dumping data for table `tb_master_posyandu`
--

INSERT INTO `tb_master_posyandu` (`id_posyandu`, `id_kabupaten`, `id_kecamatan`, `id_desa`, `nama_posyandu`, `alamat`, `kontak`) VALUES
(1, '1', '8', '102', 'Setia Ratu Patokan', 'Desa Patokan Kraksaan Kabupaten Probolinggo', '081217736148');

-- --------------------------------------------------------

--
-- Table structure for table `tb_master_pus`
--

CREATE TABLE `tb_master_pus` (
  `id_master_pus` int(11) NOT NULL,
  `id_master_posyandu` int(11) NOT NULL,
  `nik` varchar(100) NOT NULL,
  `nama` varchar(200) NOT NULL,
  `no_hp` varchar(50) NOT NULL,
  `password` varchar(100) NOT NULL,
  `tempat_lahir` varchar(200) NOT NULL,
  `tanggal_lahir` date NOT NULL,
  `nama_suami` varchar(200) NOT NULL,
  `rt` varchar(11) NOT NULL,
  `rw` varchar(11) NOT NULL,
  `jenis_kontrasepsi` varchar(200) NOT NULL,
  `pakai_kontrasepsi` int(11) NOT NULL,
  `anak_hidup` int(11) NOT NULL,
  `anak_mati` int(11) NOT NULL,
  `foto` varchar(200) NOT NULL,
  `status` int(11) NOT NULL,
  `akses` varchar(50) NOT NULL,
  `dusun` varchar(200) NOT NULL,
  `kelurahan` varchar(200) NOT NULL,
  `kecamatan` varchar(200) NOT NULL,
  `kabupaten` varchar(200) NOT NULL,
  `tanggal_daftar` datetime NOT NULL DEFAULT current_timestamp(),
  `jabatan` varchar(200) NOT NULL
) ENGINE=InnoDB DEFAULT CHARSET=latin1;

--
-- Dumping data for table `tb_master_pus`
--

INSERT INTO `tb_master_pus` (`id_master_pus`, `id_master_posyandu`, `nik`, `nama`, `no_hp`, `password`, `tempat_lahir`, `tanggal_lahir`, `nama_suami`, `rt`, `rw`, `jenis_kontrasepsi`, `pakai_kontrasepsi`, `anak_hidup`, `anak_mati`, `foto`, `status`, `akses`, `dusun`, `kelurahan`, `kecamatan`, `kabupaten`, `tanggal_daftar`, `jabatan`) VALUES
(1, 1, '35.67.56.78.90.200', 'Sufiati', '0812177456219', 'a9993e364706816aba3e25717850c26c9cd0d89d', 'Tasikmalaya', '1988-03-01', 'Ahmad Saubari', '2', '4', 'UID', 0, 1, 0, 'http://sipter.kreatindo.com/assets/fotos/001.jpg', 1, '', '', '', '', 'Kota Tasikmalaya', '0000-00-00 00:00:00', ''),
(2, 1, '35.87.90.8709', 'Anggun Puji Astuti', '0856177456111', 'a9993e364706816aba3e25717850c26c9cd0d89d', 'Tasikmalaya', '1990-08-21', 'Nurul Ihsan', '9', '8', 'Suntik', 0, 0, 0, 'http://sipter.kreatindo.com/assets/fotos/002.jpg', 1, '', '', '', '', 'Kota Tasikmalaya', '0000-00-00 00:00:00', ''),
(5, 1, '184.04.094.95', 'Firda Salsabilah', '081213367897', 'a9993e364706816aba3e25717850c26c9cd0d89d', 'Tasikmalaya', '1998-07-01', 'Yusuf Mahardika', '01', '11', 'SUNTIK', 0, 1, 0, 'http://sipter.kreatindo.com/assets/fotos/005.jpg', 1, '', '', '', '', 'Kota Tasikmalaya', '0000-00-00 00:00:00', ''),
(6, 1, '35.974.34.945.93', 'Nabillah Ningtiyas', '08978888', 'a9993e364706816aba3e25717850c26c9cd0d89d', 'Jember', '1993-04-04', 'Achmad Riki', '08', '15', 'SUNTIK', 0, 3, 1, 'http://sipter.kreatindo.com/assets/fotos/006.jpg', 1, '', '', '', '', 'Kota Tasikmalaya', '0000-00-00 00:00:00', ''),
(7, 1, '35.974.09.82.924', 'Nafilla Rizky', '0897888', 'a9993e364706816aba3e25717850c26c9cd0d89d', 'Jember', '1995-11-18', 'Teguh Sugiarto', '13', '18', 'SUNTIk', 0, 3, 0, 'http://sipter.kreatindo.com/assets/fotos/007.jpg', 1, '', '', '', '', 'Kota Tasikmalaya', '0000-00-00 00:00:00', ''),
(8, 1, '35.064.03.974', 'Hilda Rosmalia', '08976779', 'a9993e364706816aba3e25717850c26c9cd0d89d', 'Jember', '1996-12-08', 'Andik', '01', '12', 'SUNTIk', 0, 2, 1, 'http://sipter.kreatindo.com/assets/fotos/008.jpg', 1, '', '', '', '', 'Kota Tasikmalaya', '0000-00-00 00:00:00', ''),
(9, 1, '35.085.035.03', 'Uut', '085233678899', 'a9993e364706816aba3e25717850c26c9cd0d89d', 'Tasikmalaya', '1987-04-12', 'Aril', '07', '05', 'Suntik', 0, 3, 2, 'http://sipter.kreatindo.com/assets/fotos/009.jpg', 1, '0', '', '', '', 'Kota Tasikmalaya', '0000-00-00 00:00:00', ''),
(10, 1, '035.093.93.083', 'Arlida', '08789999', 'a9993e364706816aba3e25717850c26c9cd0d89d', 'Jember', '1995-11-01', 'Jumari', '03', '13', 'SUNTIk', 0, 2, 0, 'http://sipter.kreatindo.com/assets/fotos/010.jpg', 1, '0', '', '', '', 'Kota Tasikmalaya', '0000-00-00 00:00:00', ''),
(23, 0, '3278072011870001', 'yulianti', '082315022522', 'adc005b914250e27bc3435c1668df107', 'Tasikmalaya', '1987-02-01', 'Hazami', '01', '08', '1', 0, 0, 0, 'http://sipter.kreatindo.com/assets/fotos/user.png', 1, '1', 'depok II ', '', '0', 'Tasikmalaya', '2019-10-03 11:41:17', ''),
(27, 0, '3278025802880001', 'henny', '0823-1749-8988', '1f4cd3739274ec376cf606be6bb994df', 'jl.cinehel no.45', '0000-00-00', '', '', '', '1', 0, 0, 0, 'http://sipter.kreatindo.com/assets/fotos/temp2969084612490655844.jpg', 1, '0', '', '23', '4', 'Kota Tasikmalaya', '2019-10-03 13:52:52', ''),
(28, 0, '3278027009820018', 'nunung nurjanah', '085353156362', '637299d66b0246b709c4b067bde3d2ea', 'buninagara 2', '0000-00-00', '', '', '', '', 0, 0, 0, 'http://sipter.kreatindo.com/assets/fotos/user.png', 1, '4', '', '', '', 'Kota Tasikmalaya', '2019-10-03 13:56:58', ''),
(30, 0, '327806700587006', 'Pitri Puspita Sari', '08112222820', '21232f297a57a5a743894a0e4a801fc3', 'Negla kidul', '0000-00-00', '', '01', '01', '3', 0, 2, 0, 'http://sipter.kreatindo.com/assets/fotos/user.png', 1, '1', 'awipari', '8', '2', 'Kota Tasikmalaya', '2019-10-03 14:00:40', ''),
(31, 0, '32784406780005', 'ike anekeu', '082240224678', 'd0970714757783e6cf17b26fb8e2298f', 'Tasikmalaya', '2019-10-11', 'Tarjo', '001', '009', '1', 0, 3, 0, 'http://sipter.kreatindo.com/assets/fotos/user.png', 1, '0', 'rawa tengah', '', '5', 'Kota Tasikmalaya', '2019-10-03 14:08:05', ''),
(32, 0, '3278015412810003', 'Ratnasari Natalia', '082118363070', '610b1ef8195b341dd60a8fbadda254de', 'tasikmalaya', '1981-12-14', 'epul', '4', '6', '', 0, 2, 0, 'http://sipter.kreatindo.com/assets/fotos/temp1915560433.jpg', 1, '1', 'cempakawarna', '', '', 'Kota Tasikmalaya', '2019-10-03 14:09:47', ''),
(34, 0, '3278065012860012', 'rina trisnasari', '085224841619', '4093fed663717c843bea100d17fb67c8', 'kp. cilendek', '2019-10-10', 'achmad sofyan', '3', '9', '4', 0, 1, 2, 'http://sipter.kreatindo.com/assets/fotos/temp406218186.jpg', 1, '0', 'cilendek ', '12', '2', 'Kota Tasikmalaya', '2019-10-03 14:21:14', ''),
(35, 0, '3278051812860002', 'Imas Siti Masitoh ', '085223325664 ', 'ee65a293cad345a59f7f3efbe6f83b85', 'Gunung ranji ', '2019-10-11', 'nugraha', '32', '1', '1', 0, 2, 0, 'http://sipter.kreatindo.com/assets/fotos/user.png', 1, '0', 'rusun kaka', '', '1', 'Kota Tasikmalaya', '2019-10-03 14:21:22', ''),
(41, 1, '3278064111850002', 'TARMAWATI', '08122060582', 'e10adc3949ba59abbe56e057f20f883e', 'TASIKMALAYA', '1985-11-01', 'AHMAD', '03', '08', '1', 0, 1, 0, 'http://sipter.kreatindo.com/assets/fotos/IMG-20181011-WA0019.jpg', 1, '1', 'NEGLA', '', '0', 'Tasikmalaya', '2019-10-31 14:05:29', ''),
(42, 1, '3278034410990005', 'Nuni', '082240224639', '827ccb0eea8a706c4c34a16891f84e7b', 'Tasikmalaya', '1999-06-04', 'Boni', '002', '006', '1', 0, 0, 0, 'http://sipter.kreatindo.com/assets/fotos/WIN_20191031_14_00_31_Pro (2).jpg', 1, '------------------', '', '97', '10', 'Tasikmalaya', '2019-10-31 14:07:04', ''),
(43, 1, '32780666028400001', 'dewi kartikasari', '082320472784', '14ccf11aca9ec7592be8bb7c6c7212a2', 'tasikmalaya', '1984-02-26', 'yusuf sumaryana', '2', '5', '1', 0, 3, 0, 'http://sipter.kreatindo.com/assets/fotos/WIN_20191031_15_09_07_Pro.jpg', 1, '------------------', 'sindanglengo', '48', '5', 'Tasikmalaya', '2019-10-31 14:08:05', ''),
(45, 1, '3278012346789', 'noni', '085212345', 'd41d8cd98f00b204e9800998ecf8427e', 'tasikmalaya', '1992-09-12', 'randi', '02', '14', '4', 0, 2, 0, 'http://sipter.kreatindo.com/assets/fotos/anak perempuan.jpg', 1, '------------------', 'gunung tandala', '66', '6', 'Tasikmalaya', '2019-10-31 14:13:04', ''),
(47, 1, '3278012346789', 'noni', '085212345', 'd41d8cd98f00b204e9800998ecf8427e', 'tasikmalaya', '1992-09-12', 'randi', '02', '14', '4', 0, 2, 0, 'http://sipter.kreatindo.com/assets/fotos/anak perempuan.jpg', 1, '------------------', 'gunung tandala', '66', '6', 'Tasikmalaya', '2019-10-31 14:13:20', ''),
(49, 1, '3278072011870001', 'yulianti', '082315022522', 'adc005b914250e27bc3435c1668df107', 'Tasikmalaya', '1987-02-01', 'Hazami', '01', '08', '1', 0, 0, 0, 'http://sipter.kreatindo.com/assets/fotos/WIN_20191031_15_17_23_Pro (2).jpg', 1, '1', 'depok II ', '', '0', 'Tasikmalaya', '2019-10-31 14:21:55', ''),
(52, 1, '3278045708840027', 'LILIS SAODAH', '085223529454', 'd41d8cd98f00b204e9800998ecf8427e', 'BEKASI', '1984-08-17', 'FREDDY', '04', '02', '4', 0, 3, 0, 'http://sipter.kreatindo.com/assets/fotos/WIN_20191031_15_21_24_Pro.jpg', 1, '1', '', '46', '5', 'Tasikmalaya', '2019-10-31 14:27:26', ''),
(53, 1, '3278027009820018', 'Nunung Nurjanah', '085353156362', '624dc88a646d7d0acc101405792be4f2', 'tasikmalaya', '1982-08-30', 'ucep', '1', '15', '2', 0, 2, 0, 'http://sipter.kreatindo.com/assets/fotos/WIN_20191031_14_07_21_Pro.jpg', 1, '1', '', '38', '4', 'Tasikmalaya', '2019-10-31 14:29:37', ''),
(54, 1, '32778065404840001', 'NIA KURNIA SARI', '081323743233', 'e10adc3949ba59abbe56e057f20f883e', 'TASIKMALAYA', '1984-04-14', 'IING AGUS SALIM', '003', '008', '1', 0, 2, 0, 'http://sipter.kreatindo.com/assets/fotos/IMG_20180824_104142_HDR.jpg', 1, '1', 'NEGLA KIDUL', '', '0', 'Tasikmalaya', '2019-11-22 15:47:44', ''),
(59, 1, '32780357940009', 'yuli rahayu', '085282453003', '4a01a05a350e1c7710c989f1211245a8', 'tasikmalaya ', '1978-02-02', 'dadi', '04', '06', '2', 0, 3, 0, 'http://sipter.kreatindo.com/assets/fotos/WIN_20191217_11_52_40_Pro.jpg', 1, '1', 'siliasih', '251', '18', 'Probolinggo', '2019-12-17 13:18:49', ''),
(60, 1, '3206236802940002', 'trisna pebriani', '085654873134', '5743ae1e3a4b2ca70145f6910153a1da', 'tasikmalaya', '1998-06-12', 'dede badru zaman', '08', '05', '4', 0, 1, 0, 'http://sipter.kreatindo.com/assets/fotos/WIN_20191217_11_52_40_Pro.jpg', 1, '1', 'sukaasih', '15', '2', 'Probolinggo', '2019-12-17 13:27:58', '');

-- --------------------------------------------------------

--
-- Table structure for table `tb_periksa_ibu_hamil`
--

CREATE TABLE `tb_periksa_ibu_hamil` (
  `id_periksa_ibu_hamil` int(11) NOT NULL,
  `id_master_pus` int(11) NOT NULL,
  `tanggal` date NOT NULL,
  `jam` varchar(20) NOT NULL,
  `berat` varchar(20) NOT NULL,
  `umur_kehamilan` varchar(20) NOT NULL,
  `vit_a` int(11) NOT NULL,
  `pil_darah` int(11) NOT NULL,
  `imunisasi_tt` int(11) NOT NULL
) ENGINE=MyISAM DEFAULT CHARSET=latin1;

-- --------------------------------------------------------

--
-- Table structure for table `tb_posyandu`
--

CREATE TABLE `tb_posyandu` (
  `id_posyandu` int(11) NOT NULL,
  `nama_posyandu` varchar(100) NOT NULL,
  `alamat` text NOT NULL,
  `id_kelurahan` int(11) NOT NULL,
  `no_hp` varchar(20) NOT NULL,
  `gambar` varchar(100) NOT NULL,
  `kepala` varchar(100) NOT NULL
) ENGINE=MyISAM DEFAULT CHARSET=latin1;

--
-- Dumping data for table `tb_posyandu`
--

INSERT INTO `tb_posyandu` (`id_posyandu`, `nama_posyandu`, `alamat`, `id_kelurahan`, `no_hp`, `gambar`, `kepala`) VALUES
(1, 'Babababaru', 'Arah ini arah sanaa', 3, '08123111', 'logo.png', 'Sukarin Agasia'),
(4, 'Bunga', 'Jl Batu Jajal . 15 Kraksaan', 102, '0868', 'pilkades2-640x290.jpg', 'ihsan'),
(5, 'cvcx', 'xcvcx', 2, '45645', 'desa-modern-640x290.jpg', 'dfgfd'),
(6, 'satu batu', 'mantap', 14, '085800000935', '', 'Kepalalala'),
(7, 'Posyandu Krajan', 'Wonorejo', 194, '999999', '', 'Bahri');

-- --------------------------------------------------------

--
-- Table structure for table `tb_puskesmas`
--

CREATE TABLE `tb_puskesmas` (
  `id_puskesmas` int(11) NOT NULL,
  `nama_puskesmas` varchar(50) NOT NULL,
  `alamat` text NOT NULL,
  `kelurahan` varchar(50) NOT NULL,
  `kecamatan` varchar(50) NOT NULL,
  `kabupaten` varchar(50) NOT NULL,
  `no_hp` varchar(50) NOT NULL,
  `gambar` varchar(100) NOT NULL,
  `kepala` varchar(100) NOT NULL,
  `id_kelurahan` int(11) NOT NULL
) ENGINE=MyISAM DEFAULT CHARSET=latin1;

--
-- Dumping data for table `tb_puskesmas`
--

INSERT INTO `tb_puskesmas` (`id_puskesmas`, `nama_puskesmas`, `alamat`, `kelurahan`, `kecamatan`, `kabupaten`, `no_hp`, `gambar`, `kepala`, `id_kelurahan`) VALUES
(1, 'Puskesmas BARU', 'Jl Danau Toba 70B Jember', 'Sumbersari', 'Jember', 'Jember', '362551233221', 'http://sipter.kreatindo.com/assets/img/puskesmas.jpg', 'Sur Karasan, M.T.', 0);

-- --------------------------------------------------------

--
-- Table structure for table `tb_user`
--

CREATE TABLE `tb_user` (
  `id_user` mediumint(1) UNSIGNED NOT NULL,
  `username` varchar(40) NOT NULL,
  `password` varchar(60) NOT NULL,
  `nama` varchar(50) NOT NULL,
  `id_akses` tinyint(1) UNSIGNED NOT NULL,
  `id_kabupaten` int(11) NOT NULL,
  `id_kecamatan` int(11) NOT NULL,
  `id_kelurahan` int(11) NOT NULL,
  `id_posyandu` int(11) NOT NULL,
  `status` enum('Aktif','Non Aktif') NOT NULL,
  `dihapus` enum('tidak','ya') NOT NULL
) ENGINE=MyISAM DEFAULT CHARSET=latin1;

--
-- Dumping data for table `tb_user`
--

INSERT INTO `tb_user` (`id_user`, `username`, `password`, `nama`, `id_akses`, `id_kabupaten`, `id_kecamatan`, `id_kelurahan`, `id_posyandu`, `status`, `dihapus`) VALUES
(1, 'admin', 'd033e22ae348aeb5660fc2140aec35850c4da997', 'Administrator', 1, 1, 0, 0, 0, 'Aktif', 'tidak'),
(2, 'adminpaiton', '2ec22095503fe843326e7c19dd2ab98716b63e4d', 'admin Patokan', 2, 1, 1, 0, 0, 'Aktif', 'ya'),
(3, 'kader1', '90669a986b4b74397ad27114165a1450cc3bd3d0', 'kader patokan', 4, 1, 1, 9, 1, 'Aktif', 'ya'),
(4, 'kaderindah', '356a192b7913b04c54574d18c28d46e6395428ab', 'kader indah', 4, 0, 1, 1, 1, 'Aktif', 'tidak'),
(5, 'kaderfitri', '68bd72cfcd18bd2c3c781bbced1c59fb4dd67c03', 'kader fitri', 4, 0, 2, 22, 1, 'Aktif', 'ya');

--
-- Indexes for dumped tables
--

--
-- Indexes for table `tb_akses`
--
ALTER TABLE `tb_akses`
  ADD PRIMARY KEY (`id_akses`),
  ADD UNIQUE KEY `id_akses_2` (`id_akses`),
  ADD KEY `id_akses` (`id_akses`);

--
-- Indexes for table `tb_bayi_balita`
--
ALTER TABLE `tb_bayi_balita`
  ADD PRIMARY KEY (`id_bayi_balita`);

--
-- Indexes for table `tb_history_kontrasepsi`
--
ALTER TABLE `tb_history_kontrasepsi`
  ADD PRIMARY KEY (`id_history_kontrasepsi`),
  ADD UNIQUE KEY `id_history_kontrasepsi_2` (`id_history_kontrasepsi`),
  ADD KEY `id_history_kontrasepsi` (`id_history_kontrasepsi`);

--
-- Indexes for table `tb_ibu_hamil`
--
ALTER TABLE `tb_ibu_hamil`
  ADD PRIMARY KEY (`id_ibu_hamil`);

--
-- Indexes for table `tb_ibu_nifas`
--
ALTER TABLE `tb_ibu_nifas`
  ADD PRIMARY KEY (`id_ibu_nifas`);

--
-- Indexes for table `tb_imunisasi`
--
ALTER TABLE `tb_imunisasi`
  ADD PRIMARY KEY (`id_imunisasi`),
  ADD UNIQUE KEY `id_imunisasi_2` (`id_imunisasi`),
  ADD KEY `id_imunisasi` (`id_imunisasi`);

--
-- Indexes for table `tb_kategori_surat_masuk`
--
ALTER TABLE `tb_kategori_surat_masuk`
  ADD PRIMARY KEY (`id_kategori_surat_masuk`),
  ADD UNIQUE KEY `id_kategori_surat_masuk_2` (`id_kategori_surat_masuk`),
  ADD KEY `id_kategori_surat_masuk` (`id_kategori_surat_masuk`);

--
-- Indexes for table `tb_kontrasepsi`
--
ALTER TABLE `tb_kontrasepsi`
  ADD PRIMARY KEY (`id_kontrasepsi`),
  ADD UNIQUE KEY `id_kontrasepsi_2` (`id_kontrasepsi`),
  ADD KEY `id_kontrasepsi` (`id_kontrasepsi`);

--
-- Indexes for table `tb_kunjungan_bayi_balita`
--
ALTER TABLE `tb_kunjungan_bayi_balita`
  ADD PRIMARY KEY (`id_kunjungan_bayi_balita`),
  ADD UNIQUE KEY `id_kunjungan_bayi_balita_2` (`id_kunjungan_bayi_balita`),
  ADD KEY `id_kunjungan_bayi_balita` (`id_kunjungan_bayi_balita`);

--
-- Indexes for table `tb_master_fasilitas`
--
ALTER TABLE `tb_master_fasilitas`
  ADD PRIMARY KEY (`id_master_fasilitas`);

--
-- Indexes for table `tb_master_info`
--
ALTER TABLE `tb_master_info`
  ADD PRIMARY KEY (`id_master_info`);

--
-- Indexes for table `tb_master_posyandu`
--
ALTER TABLE `tb_master_posyandu`
  ADD PRIMARY KEY (`id_posyandu`),
  ADD UNIQUE KEY `id_posyandu_2` (`id_posyandu`),
  ADD KEY `id_posyandu` (`id_posyandu`);

--
-- Indexes for table `tb_master_pus`
--
ALTER TABLE `tb_master_pus`
  ADD PRIMARY KEY (`id_master_pus`),
  ADD UNIQUE KEY `id_master_pus_2` (`id_master_pus`),
  ADD KEY `id_master_pus` (`id_master_pus`);

--
-- Indexes for table `tb_periksa_ibu_hamil`
--
ALTER TABLE `tb_periksa_ibu_hamil`
  ADD PRIMARY KEY (`id_periksa_ibu_hamil`),
  ADD UNIQUE KEY `id_periksa_ibu_hamil_2` (`id_periksa_ibu_hamil`),
  ADD KEY `id_periksa_ibu_hamil` (`id_periksa_ibu_hamil`);

--
-- Indexes for table `tb_posyandu`
--
ALTER TABLE `tb_posyandu`
  ADD PRIMARY KEY (`id_posyandu`);

--
-- Indexes for table `tb_puskesmas`
--
ALTER TABLE `tb_puskesmas`
  ADD PRIMARY KEY (`id_puskesmas`);

--
-- Indexes for table `tb_user`
--
ALTER TABLE `tb_user`
  ADD PRIMARY KEY (`id_user`),
  ADD UNIQUE KEY `id_user_2` (`id_user`),
  ADD KEY `id_user` (`id_user`);

--
-- AUTO_INCREMENT for dumped tables
--

--
-- AUTO_INCREMENT for table `tb_bayi_balita`
--
ALTER TABLE `tb_bayi_balita`
  MODIFY `id_bayi_balita` int(20) UNSIGNED NOT NULL AUTO_INCREMENT, AUTO_INCREMENT=47;

--
-- AUTO_INCREMENT for table `tb_history_kontrasepsi`
--
ALTER TABLE `tb_history_kontrasepsi`
  MODIFY `id_history_kontrasepsi` int(11) NOT NULL AUTO_INCREMENT, AUTO_INCREMENT=8;

--
-- AUTO_INCREMENT for table `tb_user`
--
ALTER TABLE `tb_user`
  MODIFY `id_user` mediumint(1) UNSIGNED NOT NULL AUTO_INCREMENT, AUTO_INCREMENT=6;
COMMIT;

/*!40101 SET CHARACTER_SET_CLIENT=@OLD_CHARACTER_SET_CLIENT */;
/*!40101 SET CHARACTER_SET_RESULTS=@OLD_CHARACTER_SET_RESULTS */;
/*!40101 SET COLLATION_CONNECTION=@OLD_COLLATION_CONNECTION */;

------WebKitFormBoundarygG8AhY43SBXHBMYZ
Content-Disposition: form-data; name="overwrite"

0
